red_delay,blue_delay,pool,n_red_optimal,n_blue_optimal,n_equal_time,optimal_goal_is_layout_invariant
1,4,training_24,0,1096,0,True
1,7,training_24,0,1096,0,True
1,8,training_24,0,1096,0,True
1,9,training_24,0,1096,0,True
2,4,training_24,0,1096,0,True
2,7,training_24,0,1096,0,True
2,8,training_24,0,1096,0,True
2,9,training_24,0,1096,0,True
3,4,training_24,0,1096,0,True
3,7,training_24,0,1096,0,True
3,8,training_24,0,1096,0,True
3,9,training_24,0,1096,0,True
4,1,training_24,1096,0,0,True
4,2,training_24,1096,0,0,True
4,3,training_24,1096,0,0,True
7,1,training_24,1096,0,0,True
7,2,training_24,1096,0,0,True
7,3,training_24,1096,0,0,True
8,1,training_24,1096,0,0,True
8,2,training_24,1096,0,0,True
8,3,training_24,1096,0,0,True
9,1,training_24,1096,0,0,True
9,2,training_24,1096,0,0,True
9,3,training_24,1096,0,0,True
0,5,held_out_22,0,1096,0,True
0,6,held_out_22,0,1096,0,True
1,5,held_out_22,0,1096,0,True
1,6,held_out_22,0,1096,0,True
2,5,held_out_22,0,1096,0,True
2,6,held_out_22,0,1096,0,True
3,5,held_out_22,0,1096,0,True
3,6,held_out_22,0,1096,0,True
7,0,held_out_22,1096,0,0,True
8,0,held_out_22,1096,0,0,True
9,0,held_out_22,1096,0,0,True
5,0,held_out_22,1096,0,0,True
5,1,held_out_22,1096,0,0,True
5,2,held_out_22,1096,0,0,True
5,3,held_out_22,1096,0,0,True
6,0,held_out_22,1096,0,0,True
6,1,held_out_22,1096,0,0,True
6,2,held_out_22,1096,0,0,True
6,3,held_out_22,1096,0,0,True
0,7,held_out_22,0,1096,0,True
0,8,held_out_22,0,1096,0,True
0,9,held_out_22,0,1096,0,True
