pool,capability_red_delay,capability_blue_delay,feature,r,n_non_tied
all_46,,,ego_row,3.0803109029302636e-18,50416
all_46,,,ego_column,5.0644322525040385e-18,50416
all_46,,,partner_row,-6.073502336404736e-18,50416
all_46,,,partner_column,-6.636418324838666e-20,50416
training_24,,,ego_row,6.177681745173509e-18,26304
training_24,,,ego_column,1.6273212458413717e-17,26304
training_24,,,partner_row,-2.0373553079680178e-17,26304
training_24,,,partner_column,-2.846055650350082e-18,26304
held_out_22,,,ego_row,5.3356853746416045e-18,24112
held_out_22,,,ego_column,7.28012136297456e-18,24112
held_out_22,,,partner_row,-6.3275997918126754e-18,24112
held_out_22,,,partner_column,-3.538417588652616e-18,24112
training_24,1,4,ego_row,,1096
training_24,1,4,ego_column,,1096
training_24,1,4,partner_row,,1096
training_24,1,4,partner_column,,1096
training_24,1,7,ego_row,,1096
training_24,1,7,ego_column,,1096
training_24,1,7,partner_row,,1096
training_24,1,7,partner_column,,1096
training_24,1,8,ego_row,,1096
training_24,1,8,ego_column,,1096
training_24,1,8,partner_row,,1096
training_24,1,8,partner_column,,1096
training_24,1,9,ego_row,,1096
training_24,1,9,ego_column,,1096
training_24,1,9,partner_row,,1096
training_24,1,9,partner_column,,1096
training_24,2,4,ego_row,,1096
training_24,2,4,ego_column,,1096
training_24,2,4,partner_row,,1096
training_24,2,4,partner_column,,1096
training_24,2,7,ego_row,,1096
training_24,2,7,ego_column,,1096
training_24,2,7,partner_row,,1096
training_24,2,7,partner_column,,1096
training_24,2,8,ego_row,,1096
training_24,2,8,ego_column,,1096
training_24,2,8,partner_row,,1096
training_24,2,8,partner_column,,1096
training_24,2,9,ego_row,,1096
training_24,2,9,ego_column,,1096
training_24,2,9,partner_row,,1096
training_24,2,9,partner_column,,1096
training_24,3,4,ego_row,,1096
training_24,3,4,ego_column,,1096
training_24,3,4,partner_row,,1096
training_24,3,4,partner_column,,1096
training_24,3,7,ego_row,,1096
training_24,3,7,ego_column,,1096
training_24,3,7,partner_row,,1096
training_24,3,7,partner_column,,1096
training_24,3,8,ego_row,,1096
training_24,3,8,ego_column,,1096
training_24,3,8,partner_row,,1096
training_24,3,8,partner_column,,1096
training_24,3,9,ego_row,,1096
training_24,3,9,ego_column,,1096
training_24,3,9,partner_row,,1096
training_24,3,9,partner_column,,1096
training_24,4,1,ego_row,,1096
training_24,4,1,ego_column,,1096
training_24,4,1,partner_row,,1096
training_24,4,1,partner_column,,1096
training_24,4,2,ego_row,,1096
training_24,4,2,ego_column,,1096
training_24,4,2,partner_row,,1096
training_24,4,2,partner_column,,1096
training_24,4,3,ego_row,,1096
training_24,4,3,ego_column,,1096
training_24,4,3,partner_row,,1096
training_24,4,3,partner_column,,1096
training_24,7,1,ego_row,,1096
training_24,7,1,ego_column,,1096
training_24,7,1,partner_row,,1096
training_24,7,1,partner_column,,1096
training_24,7,2,ego_row,,1096
training_24,7,2,ego_column,,1096
training_24,7,2,partner_row,,1096
training_24,7,2,partner_column,,1096
training_24,7,3,ego_row,,1096
training_24,7,3,ego_column,,1096
training_24,7,3,partner_row,,1096
training_24,7,3,partner_column,,1096
training_24,8,1,ego_row,,1096
training_24,8,1,ego_column,,1096
training_24,8,1,partner_row,,1096
training_24,8,1,partner_column,,1096
training_24,8,2,ego_row,,1096
training_24,8,2,ego_column,,1096
training_24,8,2,partner_row,,1096
training_24,8,2,partner_column,,1096
training_24,8,3,ego_row,,1096
training_24,8,3,ego_column,,1096
training_24,8,3,partner_row,,1096
training_24,8,3,partner_column,,1096
training_24,9,1,ego_row,,1096
training_24,9,1,ego_column,,1096
training_24,9,1,partner_row,,1096
training_24,9,1,partner_column,,1096
training_24,9,2,ego_row,,1096
training_24,9,2,ego_column,,1096
training_24,9,2,partner_row,,1096
training_24,9,2,partner_column,,1096
training_24,9,3,ego_row,,1096
training_24,9,3,ego_column,,1096
training_24,9,3,partner_row,,1096
training_24,9,3,partner_column,,1096
held_out_22,0,5,ego_row,,1096
held_out_22,0,5,ego_column,,1096
held_out_22,0,5,partner_row,,1096
held_out_22,0,5,partner_column,,1096
held_out_22,0,6,ego_row,,1096
held_out_22,0,6,ego_column,,1096
held_out_22,0,6,partner_row,,1096
held_out_22,0,6,partner_column,,1096
held_out_22,1,5,ego_row,,1096
held_out_22,1,5,ego_column,,1096
held_out_22,1,5,partner_row,,1096
held_out_22,1,5,partner_column,,1096
held_out_22,1,6,ego_row,,1096
held_out_22,1,6,ego_column,,1096
held_out_22,1,6,partner_row,,1096
held_out_22,1,6,partner_column,,1096
held_out_22,2,5,ego_row,,1096
held_out_22,2,5,ego_column,,1096
held_out_22,2,5,partner_row,,1096
held_out_22,2,5,partner_column,,1096
held_out_22,2,6,ego_row,,1096
held_out_22,2,6,ego_column,,1096
held_out_22,2,6,partner_row,,1096
held_out_22,2,6,partner_column,,1096
held_out_22,3,5,ego_row,,1096
held_out_22,3,5,ego_column,,1096
held_out_22,3,5,partner_row,,1096
held_out_22,3,5,partner_column,,1096
held_out_22,3,6,ego_row,,1096
held_out_22,3,6,ego_column,,1096
held_out_22,3,6,partner_row,,1096
held_out_22,3,6,partner_column,,1096
held_out_22,7,0,ego_row,,1096
held_out_22,7,0,ego_column,,1096
held_out_22,7,0,partner_row,,1096
held_out_22,7,0,partner_column,,1096
held_out_22,8,0,ego_row,,1096
held_out_22,8,0,ego_column,,1096
held_out_22,8,0,partner_row,,1096
held_out_22,8,0,partner_column,,1096
held_out_22,9,0,ego_row,,1096
held_out_22,9,0,ego_column,,1096
held_out_22,9,0,partner_row,,1096
held_out_22,9,0,partner_column,,1096
held_out_22,5,0,ego_row,,1096
held_out_22,5,0,ego_column,,1096
held_out_22,5,0,partner_row,,1096
held_out_22,5,0,partner_column,,1096
held_out_22,5,1,ego_row,,1096
held_out_22,5,1,ego_column,,1096
held_out_22,5,1,partner_row,,1096
held_out_22,5,1,partner_column,,1096
held_out_22,5,2,ego_row,,1096
held_out_22,5,2,ego_column,,1096
held_out_22,5,2,partner_row,,1096
held_out_22,5,2,partner_column,,1096
held_out_22,5,3,ego_row,,1096
held_out_22,5,3,ego_column,,1096
held_out_22,5,3,partner_row,,1096
held_out_22,5,3,partner_column,,1096
held_out_22,6,0,ego_row,,1096
held_out_22,6,0,ego_column,,1096
held_out_22,6,0,partner_row,,1096
held_out_22,6,0,partner_column,,1096
held_out_22,6,1,ego_row,,1096
held_out_22,6,1,ego_column,,1096
held_out_22,6,1,partner_row,,1096
held_out_22,6,1,partner_column,,1096
held_out_22,6,2,ego_row,,1096
held_out_22,6,2,ego_column,,1096
held_out_22,6,2,partner_row,,1096
held_out_22,6,2,partner_column,,1096
held_out_22,6,3,ego_row,,1096
held_out_22,6,3,ego_column,,1096
held_out_22,6,3,partner_row,,1096
held_out_22,6,3,partner_column,,1096
held_out_22,0,7,ego_row,,1096
held_out_22,0,7,ego_column,,1096
held_out_22,0,7,partner_row,,1096
held_out_22,0,7,partner_column,,1096
held_out_22,0,8,ego_row,,1096
held_out_22,0,8,ego_column,,1096
held_out_22,0,8,partner_row,,1096
held_out_22,0,8,partner_column,,1096
held_out_22,0,9,ego_row,,1096
held_out_22,0,9,ego_column,,1096
held_out_22,0,9,partner_row,,1096
held_out_22,0,9,partner_column,,1096
