pool,agent,start_row,start_column,n_layouts,red_optimal,blue_optimal,equal_time,p_red_non_tied
all_46,ego,0,0,20,460,460,0,0.5
all_46,ego,0,1,21,483,483,0,0.5
all_46,ego,0,2,17,391,391,0,0.5
all_46,ego,0,3,17,391,391,0,0.5
all_46,ego,0,4,23,529,529,0,0.5
all_46,ego,0,5,18,414,414,0,0.5
all_46,ego,0,6,9,207,207,0,0.5
all_46,ego,1,0,19,437,437,0,0.5
all_46,ego,1,1,18,414,414,0,0.5
all_46,ego,1,2,28,644,644,0,0.5
all_46,ego,1,3,28,644,644,0,0.5
all_46,ego,1,4,31,713,713,0,0.5
all_46,ego,1,5,23,529,529,0,0.5
all_46,ego,1,6,31,713,713,0,0.5
all_46,ego,2,0,19,437,437,0,0.5
all_46,ego,2,1,24,552,552,0,0.5
all_46,ego,2,2,28,644,644,0,0.5
all_46,ego,2,3,24,552,552,0,0.5
all_46,ego,2,4,31,713,713,0,0.5
all_46,ego,2,5,26,598,598,0,0.5
all_46,ego,2,6,16,368,368,0,0.5
all_46,ego,3,0,22,506,506,0,0.5
all_46,ego,3,1,41,943,943,0,0.5
all_46,ego,3,2,28,644,644,0,0.5
all_46,ego,3,3,33,759,759,0,0.5
all_46,ego,3,4,34,782,782,0,0.5
all_46,ego,3,5,26,598,598,0,0.5
all_46,ego,3,6,20,460,460,0,0.5
all_46,ego,4,0,23,529,529,0,0.5
all_46,ego,4,1,20,460,460,0,0.5
all_46,ego,4,2,25,575,575,0,0.5
all_46,ego,4,3,19,437,437,0,0.5
all_46,ego,4,4,33,759,759,0,0.5
all_46,ego,4,5,23,529,529,0,0.5
all_46,ego,4,6,16,368,368,0,0.5
all_46,ego,5,0,12,276,276,0,0.5
all_46,ego,5,1,27,621,621,0,0.5
all_46,ego,5,2,21,483,483,0,0.5
all_46,ego,5,3,24,552,552,0,0.5
all_46,ego,5,4,25,575,575,0,0.5
all_46,ego,5,5,28,644,644,0,0.5
all_46,ego,5,6,15,345,345,0,0.5
all_46,ego,6,0,12,276,276,0,0.5
all_46,ego,6,1,23,529,529,0,0.5
all_46,ego,6,2,17,391,391,0,0.5
all_46,ego,6,3,12,276,276,0,0.5
all_46,ego,6,4,16,368,368,0,0.5
all_46,ego,6,5,16,368,368,0,0.5
all_46,ego,6,6,14,322,322,0,0.5
all_46,partner,0,0,28,644,644,0,0.5
all_46,partner,0,1,30,690,690,0,0.5
all_46,partner,0,2,24,552,552,0,0.5
all_46,partner,0,3,23,529,529,0,0.5
all_46,partner,0,4,21,483,483,0,0.5
all_46,partner,0,5,28,644,644,0,0.5
all_46,partner,0,6,30,690,690,0,0.5
all_46,partner,1,0,20,460,460,0,0.5
all_46,partner,1,1,11,253,253,0,0.5
all_46,partner,1,2,10,230,230,0,0.5
all_46,partner,1,3,14,322,322,0,0.5
all_46,partner,1,4,26,598,598,0,0.5
all_46,partner,1,5,13,299,299,0,0.5
all_46,partner,1,6,28,644,644,0,0.5
all_46,partner,2,0,29,667,667,0,0.5
all_46,partner,2,1,20,460,460,0,0.5
all_46,partner,2,2,15,345,345,0,0.5
all_46,partner,2,3,12,276,276,0,0.5
all_46,partner,2,4,21,483,483,0,0.5
all_46,partner,2,5,16,368,368,0,0.5
all_46,partner,2,6,22,506,506,0,0.5
all_46,partner,3,0,23,529,529,0,0.5
all_46,partner,3,1,21,483,483,0,0.5
all_46,partner,3,2,12,276,276,0,0.5
all_46,partner,3,3,12,276,276,0,0.5
all_46,partner,3,4,25,575,575,0,0.5
all_46,partner,3,5,28,644,644,0,0.5
all_46,partner,3,6,20,460,460,0,0.5
all_46,partner,4,0,38,874,874,0,0.5
all_46,partner,4,1,21,483,483,0,0.5
all_46,partner,4,2,16,368,368,0,0.5
all_46,partner,4,3,13,299,299,0,0.5
all_46,partner,4,4,19,437,437,0,0.5
all_46,partner,4,5,16,368,368,0,0.5
all_46,partner,4,6,32,736,736,0,0.5
all_46,partner,5,0,30,690,690,0,0.5
all_46,partner,5,1,15,345,345,0,0.5
all_46,partner,5,2,20,460,460,0,0.5
all_46,partner,5,3,28,644,644,0,0.5
all_46,partner,5,4,26,598,598,0,0.5
all_46,partner,5,5,16,368,368,0,0.5
all_46,partner,5,6,32,736,736,0,0.5
all_46,partner,6,0,30,690,690,0,0.5
all_46,partner,6,1,27,621,621,0,0.5
all_46,partner,6,2,31,713,713,0,0.5
all_46,partner,6,3,27,621,621,0,0.5
all_46,partner,6,4,29,667,667,0,0.5
all_46,partner,6,5,18,414,414,0,0.5
all_46,partner,6,6,30,690,690,0,0.5
training_24,ego,0,0,20,240,240,0,0.5
training_24,ego,0,1,21,252,252,0,0.5
training_24,ego,0,2,17,204,204,0,0.5
training_24,ego,0,3,17,204,204,0,0.5
training_24,ego,0,4,23,276,276,0,0.5
training_24,ego,0,5,18,216,216,0,0.5
training_24,ego,0,6,9,108,108,0,0.5
training_24,ego,1,0,19,228,228,0,0.5
training_24,ego,1,1,18,216,216,0,0.5
training_24,ego,1,2,28,336,336,0,0.5
training_24,ego,1,3,28,336,336,0,0.5
training_24,ego,1,4,31,372,372,0,0.5
training_24,ego,1,5,23,276,276,0,0.5
training_24,ego,1,6,31,372,372,0,0.5
training_24,ego,2,0,19,228,228,0,0.5
training_24,ego,2,1,24,288,288,0,0.5
training_24,ego,2,2,28,336,336,0,0.5
training_24,ego,2,3,24,288,288,0,0.5
training_24,ego,2,4,31,372,372,0,0.5
training_24,ego,2,5,26,312,312,0,0.5
training_24,ego,2,6,16,192,192,0,0.5
training_24,ego,3,0,22,264,264,0,0.5
training_24,ego,3,1,41,492,492,0,0.5
training_24,ego,3,2,28,336,336,0,0.5
training_24,ego,3,3,33,396,396,0,0.5
training_24,ego,3,4,34,408,408,0,0.5
training_24,ego,3,5,26,312,312,0,0.5
training_24,ego,3,6,20,240,240,0,0.5
training_24,ego,4,0,23,276,276,0,0.5
training_24,ego,4,1,20,240,240,0,0.5
training_24,ego,4,2,25,300,300,0,0.5
training_24,ego,4,3,19,228,228,0,0.5
training_24,ego,4,4,33,396,396,0,0.5
training_24,ego,4,5,23,276,276,0,0.5
training_24,ego,4,6,16,192,192,0,0.5
training_24,ego,5,0,12,144,144,0,0.5
training_24,ego,5,1,27,324,324,0,0.5
training_24,ego,5,2,21,252,252,0,0.5
training_24,ego,5,3,24,288,288,0,0.5
training_24,ego,5,4,25,300,300,0,0.5
training_24,ego,5,5,28,336,336,0,0.5
training_24,ego,5,6,15,180,180,0,0.5
training_24,ego,6,0,12,144,144,0,0.5
training_24,ego,6,1,23,276,276,0,0.5
training_24,ego,6,2,17,204,204,0,0.5
training_24,ego,6,3,12,144,144,0,0.5
training_24,ego,6,4,16,192,192,0,0.5
training_24,ego,6,5,16,192,192,0,0.5
training_24,ego,6,6,14,168,168,0,0.5
training_24,partner,0,0,28,336,336,0,0.5
training_24,partner,0,1,30,360,360,0,0.5
training_24,partner,0,2,24,288,288,0,0.5
training_24,partner,0,3,23,276,276,0,0.5
training_24,partner,0,4,21,252,252,0,0.5
training_24,partner,0,5,28,336,336,0,0.5
training_24,partner,0,6,30,360,360,0,0.5
training_24,partner,1,0,20,240,240,0,0.5
training_24,partner,1,1,11,132,132,0,0.5
training_24,partner,1,2,10,120,120,0,0.5
training_24,partner,1,3,14,168,168,0,0.5
training_24,partner,1,4,26,312,312,0,0.5
training_24,partner,1,5,13,156,156,0,0.5
training_24,partner,1,6,28,336,336,0,0.5
training_24,partner,2,0,29,348,348,0,0.5
training_24,partner,2,1,20,240,240,0,0.5
training_24,partner,2,2,15,180,180,0,0.5
training_24,partner,2,3,12,144,144,0,0.5
training_24,partner,2,4,21,252,252,0,0.5
training_24,partner,2,5,16,192,192,0,0.5
training_24,partner,2,6,22,264,264,0,0.5
training_24,partner,3,0,23,276,276,0,0.5
training_24,partner,3,1,21,252,252,0,0.5
training_24,partner,3,2,12,144,144,0,0.5
training_24,partner,3,3,12,144,144,0,0.5
training_24,partner,3,4,25,300,300,0,0.5
training_24,partner,3,5,28,336,336,0,0.5
training_24,partner,3,6,20,240,240,0,0.5
training_24,partner,4,0,38,456,456,0,0.5
training_24,partner,4,1,21,252,252,0,0.5
training_24,partner,4,2,16,192,192,0,0.5
training_24,partner,4,3,13,156,156,0,0.5
training_24,partner,4,4,19,228,228,0,0.5
training_24,partner,4,5,16,192,192,0,0.5
training_24,partner,4,6,32,384,384,0,0.5
training_24,partner,5,0,30,360,360,0,0.5
training_24,partner,5,1,15,180,180,0,0.5
training_24,partner,5,2,20,240,240,0,0.5
training_24,partner,5,3,28,336,336,0,0.5
training_24,partner,5,4,26,312,312,0,0.5
training_24,partner,5,5,16,192,192,0,0.5
training_24,partner,5,6,32,384,384,0,0.5
training_24,partner,6,0,30,360,360,0,0.5
training_24,partner,6,1,27,324,324,0,0.5
training_24,partner,6,2,31,372,372,0,0.5
training_24,partner,6,3,27,324,324,0,0.5
training_24,partner,6,4,29,348,348,0,0.5
training_24,partner,6,5,18,216,216,0,0.5
training_24,partner,6,6,30,360,360,0,0.5
held_out_22,ego,0,0,20,220,220,0,0.5
held_out_22,ego,0,1,21,231,231,0,0.5
held_out_22,ego,0,2,17,187,187,0,0.5
held_out_22,ego,0,3,17,187,187,0,0.5
held_out_22,ego,0,4,23,253,253,0,0.5
held_out_22,ego,0,5,18,198,198,0,0.5
held_out_22,ego,0,6,9,99,99,0,0.5
held_out_22,ego,1,0,19,209,209,0,0.5
held_out_22,ego,1,1,18,198,198,0,0.5
held_out_22,ego,1,2,28,308,308,0,0.5
held_out_22,ego,1,3,28,308,308,0,0.5
held_out_22,ego,1,4,31,341,341,0,0.5
held_out_22,ego,1,5,23,253,253,0,0.5
held_out_22,ego,1,6,31,341,341,0,0.5
held_out_22,ego,2,0,19,209,209,0,0.5
held_out_22,ego,2,1,24,264,264,0,0.5
held_out_22,ego,2,2,28,308,308,0,0.5
held_out_22,ego,2,3,24,264,264,0,0.5
held_out_22,ego,2,4,31,341,341,0,0.5
held_out_22,ego,2,5,26,286,286,0,0.5
held_out_22,ego,2,6,16,176,176,0,0.5
held_out_22,ego,3,0,22,242,242,0,0.5
held_out_22,ego,3,1,41,451,451,0,0.5
held_out_22,ego,3,2,28,308,308,0,0.5
held_out_22,ego,3,3,33,363,363,0,0.5
held_out_22,ego,3,4,34,374,374,0,0.5
held_out_22,ego,3,5,26,286,286,0,0.5
held_out_22,ego,3,6,20,220,220,0,0.5
held_out_22,ego,4,0,23,253,253,0,0.5
held_out_22,ego,4,1,20,220,220,0,0.5
held_out_22,ego,4,2,25,275,275,0,0.5
held_out_22,ego,4,3,19,209,209,0,0.5
held_out_22,ego,4,4,33,363,363,0,0.5
held_out_22,ego,4,5,23,253,253,0,0.5
held_out_22,ego,4,6,16,176,176,0,0.5
held_out_22,ego,5,0,12,132,132,0,0.5
held_out_22,ego,5,1,27,297,297,0,0.5
held_out_22,ego,5,2,21,231,231,0,0.5
held_out_22,ego,5,3,24,264,264,0,0.5
held_out_22,ego,5,4,25,275,275,0,0.5
held_out_22,ego,5,5,28,308,308,0,0.5
held_out_22,ego,5,6,15,165,165,0,0.5
held_out_22,ego,6,0,12,132,132,0,0.5
held_out_22,ego,6,1,23,253,253,0,0.5
held_out_22,ego,6,2,17,187,187,0,0.5
held_out_22,ego,6,3,12,132,132,0,0.5
held_out_22,ego,6,4,16,176,176,0,0.5
held_out_22,ego,6,5,16,176,176,0,0.5
held_out_22,ego,6,6,14,154,154,0,0.5
held_out_22,partner,0,0,28,308,308,0,0.5
held_out_22,partner,0,1,30,330,330,0,0.5
held_out_22,partner,0,2,24,264,264,0,0.5
held_out_22,partner,0,3,23,253,253,0,0.5
held_out_22,partner,0,4,21,231,231,0,0.5
held_out_22,partner,0,5,28,308,308,0,0.5
held_out_22,partner,0,6,30,330,330,0,0.5
held_out_22,partner,1,0,20,220,220,0,0.5
held_out_22,partner,1,1,11,121,121,0,0.5
held_out_22,partner,1,2,10,110,110,0,0.5
held_out_22,partner,1,3,14,154,154,0,0.5
held_out_22,partner,1,4,26,286,286,0,0.5
held_out_22,partner,1,5,13,143,143,0,0.5
held_out_22,partner,1,6,28,308,308,0,0.5
held_out_22,partner,2,0,29,319,319,0,0.5
held_out_22,partner,2,1,20,220,220,0,0.5
held_out_22,partner,2,2,15,165,165,0,0.5
held_out_22,partner,2,3,12,132,132,0,0.5
held_out_22,partner,2,4,21,231,231,0,0.5
held_out_22,partner,2,5,16,176,176,0,0.5
held_out_22,partner,2,6,22,242,242,0,0.5
held_out_22,partner,3,0,23,253,253,0,0.5
held_out_22,partner,3,1,21,231,231,0,0.5
held_out_22,partner,3,2,12,132,132,0,0.5
held_out_22,partner,3,3,12,132,132,0,0.5
held_out_22,partner,3,4,25,275,275,0,0.5
held_out_22,partner,3,5,28,308,308,0,0.5
held_out_22,partner,3,6,20,220,220,0,0.5
held_out_22,partner,4,0,38,418,418,0,0.5
held_out_22,partner,4,1,21,231,231,0,0.5
held_out_22,partner,4,2,16,176,176,0,0.5
held_out_22,partner,4,3,13,143,143,0,0.5
held_out_22,partner,4,4,19,209,209,0,0.5
held_out_22,partner,4,5,16,176,176,0,0.5
held_out_22,partner,4,6,32,352,352,0,0.5
held_out_22,partner,5,0,30,330,330,0,0.5
held_out_22,partner,5,1,15,165,165,0,0.5
held_out_22,partner,5,2,20,220,220,0,0.5
held_out_22,partner,5,3,28,308,308,0,0.5
held_out_22,partner,5,4,26,286,286,0,0.5
held_out_22,partner,5,5,16,176,176,0,0.5
held_out_22,partner,5,6,32,352,352,0,0.5
held_out_22,partner,6,0,30,330,330,0,0.5
held_out_22,partner,6,1,27,297,297,0,0.5
held_out_22,partner,6,2,31,341,341,0,0.5
held_out_22,partner,6,3,27,297,297,0,0.5
held_out_22,partner,6,4,29,319,319,0,0.5
held_out_22,partner,6,5,18,198,198,0,0.5
held_out_22,partner,6,6,30,330,330,0,0.5
