layout_id,ego_to_red,ego_to_blue,partner_to_red,partner_to_blue,wall_count,grid_cells,wall_density_percent,partner_equidistant,partner_distance_delta_red_minus_blue
train_0000,2,2,8,8,12,49,24.489795918367346,True,0
train_0001,2,7,6,7,12,49,24.489795918367346,False,-1
train_0002,4,2,4,4,8,49,16.3265306122449,True,0
train_0005,2,3,7,8,13,49,26.53061224489796,False,-1
train_0006,2,7,7,8,9,49,18.367346938775512,False,-1
train_0010,2,5,8,7,8,49,16.3265306122449,False,1
train_0015,2,5,7,8,10,49,20.408163265306122,False,-1
train_0016,1,3,4,4,16,49,32.6530612244898,True,0
train_0018,4,1,7,6,5,49,10.204081632653061,False,1
train_0019,3,7,4,4,13,49,26.53061224489796,True,0
train_0020,4,3,9,8,9,49,18.367346938775512,False,1
train_0022,6,6,11,11,17,49,34.69387755102041,True,0
train_0024,8,8,10,10,6,49,12.244897959183673,True,0
train_0025,1,8,7,6,12,49,24.489795918367346,False,1
train_0027,5,6,8,7,9,49,18.367346938775512,False,1
train_0030,3,7,4,4,11,49,22.448979591836736,True,0
train_0031,8,4,7,7,8,49,16.3265306122449,True,0
train_0034,2,8,6,6,6,49,12.244897959183673,True,0
train_0037,8,4,4,4,13,49,26.53061224489796,True,0
train_0040,2,1,7,8,10,49,20.408163265306122,False,-1
train_0041,5,1,5,5,14,49,28.571428571428573,True,0
train_0045,8,6,6,6,10,49,20.408163265306122,True,0
train_0047,8,6,7,7,9,49,18.367346938775512,True,0
train_0048,5,3,6,6,13,49,26.53061224489796,True,0
train_0049,5,5,6,6,10,49,20.408163265306122,True,0
train_0052,8,4,4,4,11,49,22.448979591836736,True,0
train_0055,4,8,7,7,8,49,16.3265306122449,True,0
train_0058,4,7,7,6,4,49,8.16326530612245,False,1
train_0059,3,5,4,4,15,49,30.612244897959183,True,0
train_0060,6,7,8,9,16,49,32.6530612244898,False,-1
train_0062,1,4,9,8,8,49,16.3265306122449,False,1
train_0064,8,4,9,9,8,49,16.3265306122449,True,0
train_0065,2,5,7,6,13,49,26.53061224489796,False,1
train_0067,3,6,8,7,7,49,14.285714285714286,False,1
train_0068,7,7,10,10,10,49,20.408163265306122,True,0
train_0069,5,6,8,7,10,49,20.408163265306122,False,1
train_0071,6,7,7,6,11,49,22.448979591836736,False,1
train_0074,6,8,4,4,14,49,28.571428571428573,True,0
train_0075,4,2,6,6,9,49,18.367346938775512,True,0
train_0076,3,2,6,7,10,49,20.408163265306122,False,-1
train_0078,5,1,6,6,4,49,8.16326530612245,True,0
train_0079,6,3,7,8,12,49,24.489795918367346,False,-1
train_0081,7,1,6,6,14,49,28.571428571428573,True,0
train_0082,8,4,5,5,9,49,18.367346938775512,True,0
train_0083,7,5,4,4,16,49,32.6530612244898,True,0
train_0086,6,6,5,5,15,49,30.612244897959183,True,0
train_0088,3,2,7,6,22,49,44.89795918367347,False,1
train_0089,7,8,9,8,10,49,20.408163265306122,False,1
train_0091,4,1,7,6,16,49,32.6530612244898,False,1
train_0094,5,8,9,8,9,49,18.367346938775512,False,1
train_0097,2,4,6,6,8,49,16.3265306122449,True,0
train_0098,1,8,7,6,9,49,18.367346938775512,False,1
train_0099,8,7,8,7,26,49,53.06122448979592,False,1
train_0102,6,2,6,6,15,49,30.612244897959183,True,0
train_0104,8,1,7,8,8,49,16.3265306122449,False,-1
train_0106,2,2,7,7,17,49,34.69387755102041,True,0
train_0107,1,7,4,4,4,49,8.16326530612245,True,0
train_0108,5,1,10,10,9,49,18.367346938775512,True,0
train_0109,5,8,7,6,17,49,34.69387755102041,False,1
train_0111,3,6,8,7,9,49,18.367346938775512,False,1
train_0115,2,1,7,6,12,49,24.489795918367346,False,1
train_0116,5,1,4,4,17,49,34.69387755102041,True,0
train_0117,5,8,6,7,5,49,10.204081632653061,False,-1
train_0118,8,1,6,7,8,49,16.3265306122449,False,-1
train_0119,1,5,4,4,12,49,24.489795918367346,True,0
train_0120,8,6,7,7,8,49,16.3265306122449,True,0
train_0122,4,7,6,7,20,49,40.816326530612244,False,-1
train_0125,2,4,5,5,19,49,38.775510204081634,True,0
train_0126,4,3,7,6,18,49,36.734693877551024,False,1
train_0127,3,6,6,7,13,49,26.53061224489796,False,-1
train_0129,4,3,6,7,8,49,16.3265306122449,False,-1
train_0130,4,7,6,7,14,49,28.571428571428573,False,-1
train_0134,1,5,4,4,8,49,16.3265306122449,True,0
train_0137,2,8,5,5,17,49,34.69387755102041,True,0
train_0138,4,5,7,8,20,49,40.816326530612244,False,-1
train_0139,8,8,11,11,16,49,32.6530612244898,True,0
train_0141,7,5,5,5,10,49,20.408163265306122,True,0
train_0146,7,6,8,7,13,49,26.53061224489796,False,1
train_0147,8,7,12,11,19,49,38.775510204081634,False,1
train_0148,8,1,7,6,6,49,12.244897959183673,False,1
train_0149,4,1,7,8,16,49,32.6530612244898,False,-1
train_0151,8,2,5,5,9,49,18.367346938775512,True,0
train_0152,5,4,10,9,18,49,36.734693877551024,False,1
train_0153,5,8,7,6,8,49,16.3265306122449,False,1
train_0155,7,3,5,5,9,49,18.367346938775512,True,0
train_0157,6,2,5,5,10,49,20.408163265306122,True,0
train_0158,2,8,7,7,12,49,24.489795918367346,True,0
train_0159,1,4,9,8,11,49,22.448979591836736,False,1
train_0163,1,5,7,7,4,49,8.16326530612245,True,0
train_0164,3,1,4,4,12,49,24.489795918367346,True,0
train_0165,6,1,6,7,10,49,20.408163265306122,False,-1
train_0166,5,1,6,6,11,49,22.448979591836736,True,0
train_0167,7,2,7,8,10,49,20.408163265306122,False,-1
train_0168,2,7,6,7,13,49,26.53061224489796,False,-1
train_0169,6,8,5,5,9,49,18.367346938775512,True,0
train_0172,7,7,10,10,16,49,32.6530612244898,True,0
train_0174,5,4,9,8,12,49,24.489795918367346,False,1
train_0175,8,5,8,7,12,49,24.489795918367346,False,1
train_0176,6,7,8,7,19,49,38.775510204081634,False,1
train_0178,6,8,4,4,19,49,38.775510204081634,True,0
train_0179,8,1,8,7,14,49,28.571428571428573,False,1
train_0180,6,3,6,7,10,49,20.408163265306122,False,-1
train_0183,5,2,7,8,9,49,18.367346938775512,False,-1
train_0186,7,1,5,5,18,49,36.734693877551024,True,0
train_0187,6,2,4,4,21,49,42.857142857142854,True,0
train_0189,6,8,5,5,10,49,20.408163265306122,True,0
train_0190,2,1,8,7,13,49,26.53061224489796,False,1
train_0191,3,6,10,9,12,49,24.489795918367346,False,1
train_0193,8,3,6,7,15,49,30.612244897959183,False,-1
train_0194,3,2,7,8,10,49,20.408163265306122,False,-1
train_0196,8,4,5,5,6,49,12.244897959183673,True,0
train_0199,4,1,9,10,11,49,22.448979591836736,False,-1
train_0201,6,8,4,4,13,49,26.53061224489796,True,0
train_0202,7,4,8,7,10,49,20.408163265306122,False,1
train_0204,3,2,8,9,18,49,36.734693877551024,False,-1
train_0206,6,1,7,8,8,49,16.3265306122449,False,-1
train_0209,5,1,4,4,7,49,14.285714285714286,True,0
train_0210,8,2,5,5,8,49,16.3265306122449,True,0
train_0211,6,8,12,14,16,49,32.6530612244898,False,-2
train_0212,2,3,6,7,13,49,26.53061224489796,False,-1
train_0214,7,8,6,7,8,49,16.3265306122449,False,-1
train_0216,8,8,8,8,17,49,34.69387755102041,True,0
train_0217,4,3,7,8,12,49,24.489795918367346,False,-1
train_0218,4,4,13,11,19,49,38.775510204081634,False,2
train_0219,6,6,4,4,13,49,26.53061224489796,True,0
train_0220,8,4,4,4,17,49,34.69387755102041,True,0
train_0221,5,2,9,8,14,49,28.571428571428573,False,1
train_0222,7,7,6,6,8,49,16.3265306122449,True,0
train_0226,5,1,4,4,9,49,18.367346938775512,True,0
train_0227,3,8,7,6,20,49,40.816326530612244,False,1
train_0228,7,4,8,7,9,49,18.367346938775512,False,1
train_0229,3,3,7,7,13,49,26.53061224489796,True,0
train_0230,1,3,4,4,4,49,8.16326530612245,True,0
train_0233,7,4,6,7,14,49,28.571428571428573,False,-1
train_0235,8,8,8,8,16,49,32.6530612244898,True,0
train_0236,3,7,6,6,16,49,32.6530612244898,True,0
train_0237,8,1,8,7,20,49,40.816326530612244,False,1
train_0240,2,8,5,5,10,49,20.408163265306122,True,0
train_0243,2,6,6,6,9,49,18.367346938775512,True,0
train_0244,6,8,8,8,7,49,14.285714285714286,True,0
train_0245,4,2,4,4,11,49,22.448979591836736,True,0
train_0246,4,1,9,8,6,49,12.244897959183673,False,1
train_0247,4,8,4,4,8,49,16.3265306122449,True,0
train_0248,1,8,8,7,11,49,22.448979591836736,False,1
train_0252,7,2,6,7,13,49,26.53061224489796,False,-1
train_0259,8,3,8,9,8,49,16.3265306122449,False,-1
train_0260,5,2,7,6,15,49,30.612244897959183,False,1
train_0261,4,1,8,7,9,49,18.367346938775512,False,1
train_0262,2,1,6,7,8,49,16.3265306122449,False,-1
train_0263,3,7,4,4,17,49,34.69387755102041,True,0
train_0264,6,7,7,8,15,49,30.612244897959183,False,-1
train_0269,2,8,5,5,16,49,32.6530612244898,True,0
train_0270,7,4,8,9,14,49,28.571428571428573,False,-1
train_0271,1,6,6,7,13,49,26.53061224489796,False,-1
train_0273,3,1,4,4,15,49,30.612244897959183,True,0
train_0275,5,3,6,6,10,49,20.408163265306122,True,0
train_0276,7,4,9,8,11,49,22.448979591836736,False,1
train_0278,7,1,4,4,13,49,26.53061224489796,True,0
train_0281,3,7,7,7,7,49,14.285714285714286,True,0
train_0282,4,2,6,6,18,49,36.734693877551024,True,0
train_0287,1,7,6,6,11,49,22.448979591836736,True,0
train_0288,8,5,6,7,15,49,30.612244897959183,False,-1
train_0289,3,1,6,6,9,49,18.367346938775512,True,0
train_0291,4,3,8,9,13,49,26.53061224489796,False,-1
train_0292,4,2,12,10,12,49,24.489795918367346,False,2
train_0296,1,7,4,4,23,49,46.93877551020408,True,0
train_0297,3,4,8,7,8,49,16.3265306122449,False,1
train_0298,4,8,4,4,17,49,34.69387755102041,True,0
train_0299,6,7,6,7,10,49,20.408163265306122,False,-1
train_0300,2,6,4,4,7,49,14.285714285714286,True,0
train_0301,1,4,7,8,13,49,26.53061224489796,False,-1
train_0302,3,6,9,10,18,49,36.734693877551024,False,-1
train_0303,5,5,6,6,10,49,20.408163265306122,True,0
train_0304,2,8,7,7,17,49,34.69387755102041,True,0
train_0309,5,8,7,6,9,49,18.367346938775512,False,1
train_0310,4,5,7,6,7,49,14.285714285714286,False,1
train_0311,2,3,7,8,14,49,28.571428571428573,False,-1
train_0312,5,5,4,4,9,49,18.367346938775512,True,0
train_0314,7,5,4,4,18,49,36.734693877551024,True,0
train_0315,5,1,5,5,13,49,26.53061224489796,True,0
train_0316,1,5,7,7,6,49,12.244897959183673,True,0
train_0319,5,1,6,6,10,49,20.408163265306122,True,0
train_0322,2,5,11,10,14,49,28.571428571428573,False,1
train_0323,1,7,5,5,8,49,16.3265306122449,True,0
train_0324,8,5,6,7,19,49,38.775510204081634,False,-1
train_0325,3,2,6,7,9,49,18.367346938775512,False,-1
train_0327,6,4,5,5,9,49,18.367346938775512,True,0
train_0328,2,8,5,5,21,49,42.857142857142854,True,0
train_0329,2,8,4,4,14,49,28.571428571428573,True,0
train_0330,2,6,6,6,12,49,24.489795918367346,True,0
train_0331,1,4,6,7,11,49,22.448979591836736,False,-1
train_0332,7,3,4,4,22,49,44.89795918367347,True,0
train_0335,5,8,9,8,9,49,18.367346938775512,False,1
train_0337,6,2,8,8,10,49,20.408163265306122,True,0
train_0338,6,8,4,4,17,49,34.69387755102041,True,0
train_0339,3,4,9,10,19,49,38.775510204081634,False,-1
train_0340,6,6,4,4,13,49,26.53061224489796,True,0
train_0341,2,5,6,7,3,49,6.122448979591836,False,-1
train_0342,1,4,7,6,11,49,22.448979591836736,False,1
train_0343,5,7,8,8,13,49,26.53061224489796,True,0
train_0344,3,8,7,6,10,49,20.408163265306122,False,1
train_0346,3,2,7,8,9,49,18.367346938775512,False,-1
train_0347,4,4,9,9,9,49,18.367346938775512,True,0
train_0349,5,8,6,7,11,49,22.448979591836736,False,-1
train_0352,8,2,6,6,12,49,24.489795918367346,True,0
train_0354,5,1,8,8,14,49,28.571428571428573,True,0
train_0358,7,1,7,7,12,49,24.489795918367346,True,0
train_0362,3,5,4,4,11,49,22.448979591836736,True,0
train_0363,5,5,4,4,11,49,22.448979591836736,True,0
train_0364,2,4,5,5,11,49,22.448979591836736,True,0
train_0365,1,5,9,9,11,49,22.448979591836736,True,0
train_0366,4,2,8,8,8,49,16.3265306122449,True,0
train_0370,3,5,6,6,4,49,8.16326530612245,True,0
train_0375,3,2,11,10,17,49,34.69387755102041,False,1
train_0376,6,2,4,4,24,49,48.97959183673469,True,0
train_0377,1,4,6,7,18,49,36.734693877551024,False,-1
train_0378,2,5,9,8,10,49,20.408163265306122,False,1
train_0379,2,5,10,9,9,49,18.367346938775512,False,1
train_0381,1,7,8,8,15,49,30.612244897959183,True,0
train_0382,8,4,5,5,29,49,59.183673469387756,True,0
train_0383,2,8,4,4,10,49,20.408163265306122,True,0
train_0384,2,3,6,7,10,49,20.408163265306122,False,-1
train_0388,7,3,4,4,11,49,22.448979591836736,True,0
train_0390,7,5,6,6,9,49,18.367346938775512,True,0
train_0392,1,7,9,9,20,49,40.816326530612244,True,0
train_0393,3,2,6,7,22,49,44.89795918367347,False,-1
train_0394,2,6,8,8,8,49,16.3265306122449,True,0
train_0396,1,5,8,8,10,49,20.408163265306122,True,0
train_0397,5,6,6,7,12,49,24.489795918367346,False,-1
train_0399,1,7,6,6,5,49,10.204081632653061,True,0
train_0402,3,4,7,6,23,49,46.93877551020408,False,1
train_0403,3,6,8,7,11,49,22.448979591836736,False,1
train_0405,4,6,6,6,13,49,26.53061224489796,True,0
train_0406,5,4,6,7,19,49,38.775510204081634,False,-1
train_0408,4,8,7,7,10,49,20.408163265306122,True,0
train_0410,7,4,8,7,16,49,32.6530612244898,False,1
train_0412,3,4,7,6,24,49,48.97959183673469,False,1
train_0414,1,7,4,4,17,49,34.69387755102041,True,0
train_0415,7,7,4,4,5,49,10.204081632653061,True,0
train_0417,1,7,4,4,13,49,26.53061224489796,True,0
train_0418,5,3,4,4,10,49,20.408163265306122,True,0
train_0419,2,2,10,10,13,49,26.53061224489796,True,0
train_0421,2,1,6,7,17,49,34.69387755102041,False,-1
train_0422,5,1,8,8,19,49,38.775510204081634,True,0
train_0423,6,2,4,4,11,49,22.448979591836736,True,0
train_0426,2,8,9,9,8,49,16.3265306122449,True,0
train_0427,5,2,6,7,6,49,12.244897959183673,False,-1
train_0428,2,4,6,6,16,49,32.6530612244898,True,0
train_0430,4,2,4,4,10,49,20.408163265306122,True,0
train_0432,4,3,7,8,14,49,28.571428571428573,False,-1
train_0433,3,1,8,8,10,49,20.408163265306122,True,0
train_0435,4,2,5,5,13,49,26.53061224489796,True,0
train_0436,4,8,7,7,17,49,34.69387755102041,True,0
train_0437,7,4,7,6,9,49,18.367346938775512,False,1
train_0439,8,6,8,8,9,49,18.367346938775512,True,0
train_0441,7,7,4,4,9,49,18.367346938775512,True,0
train_0443,3,1,9,9,14,49,28.571428571428573,True,0
train_0444,3,6,7,6,10,49,20.408163265306122,False,1
train_0446,7,1,7,7,13,49,26.53061224489796,True,0
train_0448,2,8,8,8,4,49,8.16326530612245,True,0
train_0451,1,3,4,4,8,49,16.3265306122449,True,0
train_0452,5,7,6,6,6,49,12.244897959183673,True,0
train_0453,7,4,8,9,7,49,14.285714285714286,False,-1
train_0455,4,3,7,8,6,49,12.244897959183673,False,-1
train_0457,3,3,6,6,10,49,20.408163265306122,True,0
train_0459,5,2,6,7,9,49,18.367346938775512,False,-1
train_0460,4,1,6,7,16,49,32.6530612244898,False,-1
train_0461,7,3,4,4,5,49,10.204081632653061,True,0
train_0462,3,2,8,9,11,49,22.448979591836736,False,-1
train_0463,2,6,4,4,15,49,30.612244897959183,True,0
train_0464,1,6,6,7,8,49,16.3265306122449,False,-1
train_0465,5,8,9,8,8,49,16.3265306122449,False,1
train_0466,5,3,6,6,7,49,14.285714285714286,True,0
train_0468,7,3,6,6,10,49,20.408163265306122,True,0
train_0469,7,8,8,9,17,49,34.69387755102041,False,-1
train_0470,8,7,8,7,6,49,12.244897959183673,False,1
train_0471,8,2,4,4,19,49,38.775510204081634,True,0
train_0473,3,7,6,6,13,49,26.53061224489796,True,0
train_0479,4,2,5,5,8,49,16.3265306122449,True,0
train_0480,7,8,6,7,21,49,42.857142857142854,False,-1
train_0482,4,4,6,6,13,49,26.53061224489796,True,0
train_0484,3,4,6,7,12,49,24.489795918367346,False,-1
train_0485,2,1,8,9,18,49,36.734693877551024,False,-1
train_0486,4,2,6,6,12,49,24.489795918367346,True,0
train_0487,4,5,7,6,5,49,10.204081632653061,False,1
train_0489,8,1,7,6,15,49,30.612244897959183,False,1
train_0490,6,2,4,4,12,49,24.489795918367346,True,0
train_0492,8,1,6,7,13,49,26.53061224489796,False,-1
train_0495,8,4,9,9,13,49,26.53061224489796,True,0
train_0499,6,4,5,5,8,49,16.3265306122449,True,0
train_0505,6,7,9,10,12,49,24.489795918367346,False,-1
train_0506,1,3,4,4,12,49,24.489795918367346,True,0
train_0508,8,3,6,7,7,49,14.285714285714286,False,-1
train_0513,1,4,6,7,11,49,22.448979591836736,False,-1
train_0514,3,2,6,7,11,49,22.448979591836736,False,-1
train_0516,5,2,6,7,6,49,12.244897959183673,False,-1
train_0517,4,6,6,6,10,49,20.408163265306122,True,0
train_0521,7,7,6,6,12,49,24.489795918367346,True,0
train_0522,6,1,8,7,8,49,16.3265306122449,False,1
train_0523,4,5,8,9,24,49,48.97959183673469,False,-1
train_0524,8,3,12,11,10,49,20.408163265306122,False,1
train_0525,2,6,7,7,5,49,10.204081632653061,True,0
train_0526,8,2,4,4,13,49,26.53061224489796,True,0
train_0527,5,7,4,4,6,49,12.244897959183673,True,0
train_0528,1,2,9,10,13,49,26.53061224489796,False,-1
train_0530,7,5,9,9,5,49,10.204081632653061,True,0
train_0532,3,7,6,6,7,49,14.285714285714286,True,0
train_0534,4,4,6,6,5,49,10.204081632653061,True,0
train_0537,3,8,8,9,9,49,18.367346938775512,False,-1
train_0538,3,6,8,7,12,49,24.489795918367346,False,1
train_0540,7,4,9,8,9,49,18.367346938775512,False,1
train_0542,2,3,9,8,17,49,34.69387755102041,False,1
train_0544,8,7,7,6,10,49,20.408163265306122,False,1
train_0545,1,3,4,4,23,49,46.93877551020408,True,0
train_0546,5,1,7,7,20,49,40.816326530612244,True,0
train_0551,4,5,6,7,11,49,22.448979591836736,False,-1
train_0556,7,1,4,4,12,49,24.489795918367346,True,0
train_0558,8,6,12,10,12,49,24.489795918367346,False,2
train_0559,3,1,5,5,11,49,22.448979591836736,True,0
train_0562,5,4,11,10,11,49,22.448979591836736,False,1
train_0563,1,7,7,7,7,49,14.285714285714286,True,0
train_0567,3,2,7,6,20,49,40.816326530612244,False,1
train_0569,5,6,11,12,18,49,36.734693877551024,False,-1
train_0570,7,3,7,7,10,49,20.408163265306122,True,0
train_0571,2,6,6,6,15,49,30.612244897959183,True,0
train_0572,2,2,4,4,17,49,34.69387755102041,True,0
train_0573,2,6,4,4,13,49,26.53061224489796,True,0
train_0574,7,3,6,6,16,49,32.6530612244898,True,0
train_0575,2,8,4,4,10,49,20.408163265306122,True,0
train_0576,1,5,4,4,9,49,18.367346938775512,True,0
train_0577,5,1,6,6,11,49,22.448979591836736,True,0
train_0579,6,3,8,9,22,49,44.89795918367347,False,-1
train_0582,7,1,4,4,16,49,32.6530612244898,True,0
train_0583,1,3,6,6,12,49,24.489795918367346,True,0
train_0585,8,1,7,6,14,49,28.571428571428573,False,1
train_0587,4,5,8,7,11,49,22.448979591836736,False,1
train_0589,2,3,8,7,17,49,34.69387755102041,False,1
train_0590,7,1,7,7,15,49,30.612244897959183,True,0
train_0592,2,5,7,6,16,49,32.6530612244898,False,1
train_0593,4,1,10,9,14,49,28.571428571428573,False,1
train_0594,7,3,7,7,17,49,34.69387755102041,True,0
train_0596,3,3,6,6,5,49,10.204081632653061,True,0
train_0597,6,4,5,5,19,49,38.775510204081634,True,0
train_0598,4,6,7,7,9,49,18.367346938775512,True,0
train_0599,4,8,5,5,10,49,20.408163265306122,True,0
train_0600,6,2,5,5,10,49,20.408163265306122,True,0
train_0603,2,8,5,5,7,49,14.285714285714286,True,0
train_0605,4,7,6,7,18,49,36.734693877551024,False,-1
train_0606,6,8,5,5,5,49,10.204081632653061,True,0
train_0609,8,2,6,6,3,49,6.122448979591836,True,0
train_0610,5,1,4,4,6,49,12.244897959183673,True,0
train_0611,7,4,7,8,8,49,16.3265306122449,False,-1
train_0612,5,1,5,5,7,49,14.285714285714286,True,0
train_0616,3,6,7,6,3,49,6.122448979591836,False,1
train_0619,3,5,6,6,4,49,8.16326530612245,True,0
train_0621,1,2,10,9,22,49,44.89795918367347,False,1
train_0624,7,5,6,6,14,49,28.571428571428573,True,0
train_0626,7,3,4,4,16,49,32.6530612244898,True,0
train_0628,7,1,6,6,11,49,22.448979591836736,True,0
train_0629,1,6,7,8,9,49,18.367346938775512,False,-1
train_0631,1,6,10,9,13,49,26.53061224489796,False,1
train_0632,4,5,7,6,15,49,30.612244897959183,False,1
train_0634,4,8,9,9,15,49,30.612244897959183,True,0
train_0637,7,4,7,8,17,49,34.69387755102041,False,-1
train_0638,1,4,6,7,17,49,34.69387755102041,False,-1
train_0639,2,8,6,6,25,49,51.02040816326531,True,0
train_0640,5,6,9,10,8,49,16.3265306122449,False,-1
train_0643,1,8,7,8,17,49,34.69387755102041,False,-1
train_0645,1,5,6,6,11,49,22.448979591836736,True,0
train_0646,3,7,7,7,8,49,16.3265306122449,True,0
train_0648,7,3,4,4,9,49,18.367346938775512,True,0
train_0651,6,6,8,8,16,49,32.6530612244898,True,0
train_0652,2,4,4,4,11,49,22.448979591836736,True,0
train_0654,2,5,7,8,9,49,18.367346938775512,False,-1
train_0656,6,5,8,7,5,49,10.204081632653061,False,1
train_0658,5,5,12,10,10,49,20.408163265306122,False,2
train_0660,4,8,4,4,14,49,28.571428571428573,True,0
train_0661,4,6,6,6,12,49,24.489795918367346,True,0
train_0665,5,7,11,13,15,49,30.612244897959183,False,-2
train_0671,5,6,9,10,12,49,24.489795918367346,False,-1
train_0672,4,3,7,6,5,49,10.204081632653061,False,1
train_0675,3,5,6,6,12,49,24.489795918367346,True,0
train_0677,3,2,10,9,16,49,32.6530612244898,False,1
train_0680,3,1,7,7,4,49,8.16326530612245,True,0
train_0685,1,5,4,4,20,49,40.816326530612244,True,0
train_0687,4,7,8,7,13,49,26.53061224489796,False,1
train_0688,2,1,7,6,12,49,24.489795918367346,False,1
train_0689,8,2,7,7,13,49,26.53061224489796,True,0
train_0691,5,6,7,8,7,49,14.285714285714286,False,-1
train_0692,7,3,4,4,11,49,22.448979591836736,True,0
train_0693,1,7,4,4,10,49,20.408163265306122,True,0
train_0694,7,3,8,8,12,49,24.489795918367346,True,0
train_0695,7,3,9,9,21,49,42.857142857142854,True,0
train_0697,4,5,7,8,14,49,28.571428571428573,False,-1
train_0699,5,1,7,7,16,49,32.6530612244898,True,0
train_0701,1,3,7,7,13,49,26.53061224489796,True,0
train_0703,2,7,7,6,12,49,24.489795918367346,False,1
train_0704,1,7,4,4,7,49,14.285714285714286,True,0
train_0705,6,6,5,5,9,49,18.367346938775512,True,0
train_0707,7,8,8,9,15,49,30.612244897959183,False,-1
train_0708,1,4,6,7,14,49,28.571428571428573,False,-1
train_0709,8,7,6,7,15,49,30.612244897959183,False,-1
train_0711,6,2,5,5,6,49,12.244897959183673,True,0
train_0713,8,8,7,7,21,49,42.857142857142854,True,0
train_0714,7,3,4,4,19,49,38.775510204081634,True,0
train_0715,7,1,5,5,12,49,24.489795918367346,True,0
train_0716,5,5,4,4,17,49,34.69387755102041,True,0
train_0726,1,6,8,7,16,49,32.6530612244898,False,1
train_0730,3,4,7,6,10,49,20.408163265306122,False,1
train_0731,6,4,4,4,13,49,26.53061224489796,True,0
train_0732,7,3,7,7,26,49,53.06122448979592,True,0
train_0733,3,5,5,5,15,49,30.612244897959183,True,0
train_0735,1,7,5,5,13,49,26.53061224489796,True,0
train_0739,6,3,7,6,17,49,34.69387755102041,False,1
train_0740,6,3,8,9,7,49,14.285714285714286,False,-1
train_0744,4,2,4,4,10,49,20.408163265306122,True,0
train_0745,8,2,5,5,13,49,26.53061224489796,True,0
train_0749,5,2,6,7,8,49,16.3265306122449,False,-1
train_0750,1,5,8,8,6,49,12.244897959183673,True,0
train_0751,8,6,5,5,9,49,18.367346938775512,True,0
train_0752,2,6,5,5,24,49,48.97959183673469,True,0
train_0753,7,4,9,8,9,49,18.367346938775512,False,1
train_0754,8,5,7,8,10,49,20.408163265306122,False,-1
train_0759,6,2,4,4,8,49,16.3265306122449,True,0
train_0761,3,1,8,8,13,49,26.53061224489796,True,0
train_0763,2,6,7,7,14,49,28.571428571428573,True,0
train_0768,8,8,5,5,19,49,38.775510204081634,True,0
train_0769,4,8,6,6,10,49,20.408163265306122,True,0
train_0770,5,1,5,5,10,49,20.408163265306122,True,0
train_0772,7,1,6,6,5,49,10.204081632653061,True,0
train_0774,8,5,8,7,9,49,18.367346938775512,False,1
train_0777,3,4,10,9,10,49,20.408163265306122,False,1
train_0778,7,2,11,10,14,49,28.571428571428573,False,1
train_0782,7,1,4,4,14,49,28.571428571428573,True,0
train_0783,2,7,7,6,13,49,26.53061224489796,False,1
train_0784,2,2,6,6,16,49,32.6530612244898,True,0
train_0785,5,4,8,9,7,49,14.285714285714286,False,-1
train_0786,1,5,9,9,18,49,36.734693877551024,True,0
train_0787,6,8,9,9,15,49,30.612244897959183,True,0
train_0789,8,8,7,7,14,49,28.571428571428573,True,0
train_0790,5,7,10,12,13,49,26.53061224489796,False,-2
train_0791,4,7,8,7,10,49,20.408163265306122,False,1
train_0792,5,5,11,11,11,49,22.448979591836736,True,0
train_0794,7,7,4,4,16,49,32.6530612244898,True,0
train_0796,1,4,8,7,13,49,26.53061224489796,False,1
train_0801,8,1,8,7,10,49,20.408163265306122,False,1
train_0803,4,8,5,5,9,49,18.367346938775512,True,0
train_0804,4,3,8,7,6,49,12.244897959183673,False,1
train_0805,6,6,4,4,7,49,14.285714285714286,True,0
train_0807,7,3,8,8,4,49,8.16326530612245,True,0
train_0809,8,7,11,10,10,49,20.408163265306122,False,1
train_0810,6,3,10,9,18,49,36.734693877551024,False,1
train_0812,1,7,6,6,12,49,24.489795918367346,True,0
train_0813,7,4,7,8,11,49,22.448979591836736,False,-1
train_0815,5,1,5,5,8,49,16.3265306122449,True,0
train_0817,2,7,7,6,18,49,36.734693877551024,False,1
train_0819,1,8,7,8,8,49,16.3265306122449,False,-1
train_0821,1,3,8,8,23,49,46.93877551020408,True,0
train_0824,2,5,7,8,9,49,18.367346938775512,False,-1
train_0826,2,4,10,12,13,49,26.53061224489796,False,-2
train_0828,2,1,7,6,6,49,12.244897959183673,False,1
train_0841,5,4,7,8,12,49,24.489795918367346,False,-1
train_0843,6,3,10,9,15,49,30.612244897959183,False,1
train_0849,2,4,6,6,12,49,24.489795918367346,True,0
train_0851,4,8,5,5,18,49,36.734693877551024,True,0
train_0852,5,1,8,8,13,49,26.53061224489796,True,0
train_0854,7,3,6,6,8,49,16.3265306122449,True,0
train_0855,6,5,6,7,9,49,18.367346938775512,False,-1
train_0856,2,7,7,6,12,49,24.489795918367346,False,1
train_0857,2,8,5,5,18,49,36.734693877551024,True,0
train_0858,6,6,6,6,13,49,26.53061224489796,True,0
train_0860,2,1,8,7,27,49,55.10204081632653,False,1
train_0861,6,1,6,7,19,49,38.775510204081634,False,-1
train_0863,6,5,7,6,17,49,34.69387755102041,False,1
train_0864,8,2,4,4,8,49,16.3265306122449,True,0
train_0867,3,8,7,6,15,49,30.612244897959183,False,1
train_0871,3,7,6,6,7,49,14.285714285714286,True,0
train_0872,5,1,6,6,15,49,30.612244897959183,True,0
train_0873,6,4,5,5,12,49,24.489795918367346,True,0
train_0875,7,4,7,6,12,49,24.489795918367346,False,1
train_0877,3,7,7,7,9,49,18.367346938775512,True,0
train_0878,4,6,4,4,13,49,26.53061224489796,True,0
train_0879,5,2,7,6,13,49,26.53061224489796,False,1
train_0881,6,8,6,6,6,49,12.244897959183673,True,0
train_0882,4,7,9,10,7,49,14.285714285714286,False,-1
train_0884,1,4,7,6,9,49,18.367346938775512,False,1
train_0887,1,5,5,5,24,49,48.97959183673469,True,0
train_0888,3,3,8,8,7,49,14.285714285714286,True,0
train_0889,4,4,7,7,11,49,22.448979591836736,True,0
train_0890,4,7,8,7,7,49,14.285714285714286,False,1
train_0892,8,2,7,7,11,49,22.448979591836736,True,0
train_0896,1,6,6,7,16,49,32.6530612244898,False,-1
train_0897,4,1,7,6,11,49,22.448979591836736,False,1
train_0900,8,3,7,8,14,49,28.571428571428573,False,-1
train_0901,6,2,4,4,8,49,16.3265306122449,True,0
train_0902,5,8,6,7,13,49,26.53061224489796,False,-1
train_0903,7,4,8,7,19,49,38.775510204081634,False,1
train_0905,7,3,7,7,5,49,10.204081632653061,True,0
train_0907,6,7,6,7,9,49,18.367346938775512,False,-1
train_0908,6,7,8,9,19,49,38.775510204081634,False,-1
train_0911,4,8,4,4,7,49,14.285714285714286,True,0
train_0912,1,4,6,7,20,49,40.816326530612244,False,-1
train_0916,7,8,6,7,8,49,16.3265306122449,False,-1
train_0918,6,6,4,4,11,49,22.448979591836736,True,0
train_0919,8,1,7,6,6,49,12.244897959183673,False,1
train_0921,8,7,9,8,13,49,26.53061224489796,False,1
train_0922,2,2,7,7,5,49,10.204081632653061,True,0
train_0923,2,2,9,9,8,49,16.3265306122449,True,0
train_0925,3,5,6,6,13,49,26.53061224489796,True,0
train_0927,4,6,5,5,4,49,8.16326530612245,True,0
train_0930,8,2,5,5,11,49,22.448979591836736,True,0
train_0932,4,2,5,5,11,49,22.448979591836736,True,0
train_0935,6,1,9,8,15,49,30.612244897959183,False,1
train_0936,2,1,7,6,11,49,22.448979591836736,False,1
train_0938,6,7,7,8,16,49,32.6530612244898,False,-1
train_0939,6,4,6,6,9,49,18.367346938775512,True,0
train_0940,2,8,6,6,16,49,32.6530612244898,True,0
train_0943,8,2,5,5,8,49,16.3265306122449,True,0
train_0945,2,4,4,4,16,49,32.6530612244898,True,0
train_0946,8,1,7,6,14,49,28.571428571428573,False,1
train_0947,2,3,7,8,12,49,24.489795918367346,False,-1
train_0949,7,1,4,4,10,49,20.408163265306122,True,0
train_0951,7,3,6,6,17,49,34.69387755102041,True,0
train_0952,4,5,8,9,9,49,18.367346938775512,False,-1
train_0953,4,5,10,11,17,49,34.69387755102041,False,-1
train_0954,6,1,8,7,10,49,20.408163265306122,False,1
train_0955,6,1,6,7,13,49,26.53061224489796,False,-1
train_0957,1,8,7,6,6,49,12.244897959183673,False,1
train_0958,6,5,6,7,14,49,28.571428571428573,False,-1
train_0959,2,5,6,7,8,49,16.3265306122449,False,-1
train_0960,4,3,7,6,12,49,24.489795918367346,False,1
train_0961,4,3,8,7,17,49,34.69387755102041,False,1
train_0962,4,2,7,7,11,49,22.448979591836736,True,0
train_0964,5,3,7,7,21,49,42.857142857142854,True,0
train_0966,2,6,4,4,9,49,18.367346938775512,True,0
train_0968,5,6,8,7,14,49,28.571428571428573,False,1
train_0970,3,1,13,15,10,49,20.408163265306122,False,-2
train_0971,2,4,5,5,5,49,10.204081632653061,True,0
train_0972,6,7,9,10,14,49,28.571428571428573,False,-1
train_0974,5,1,6,6,30,49,61.224489795918366,True,0
train_0979,3,4,7,8,14,49,28.571428571428573,False,-1
train_0980,3,8,6,7,8,49,16.3265306122449,False,-1
train_0981,3,8,6,7,11,49,22.448979591836736,False,-1
train_0982,3,7,4,4,11,49,22.448979591836736,True,0
train_0986,3,3,5,5,11,49,22.448979591836736,True,0
train_0987,1,5,7,7,6,49,12.244897959183673,True,0
train_0988,7,7,10,10,17,49,34.69387755102041,True,0
train_0989,5,1,6,6,8,49,16.3265306122449,True,0
train_0990,8,3,8,7,17,49,34.69387755102041,False,1
train_0991,1,5,5,5,11,49,22.448979591836736,True,0
train_0992,2,8,5,5,16,49,32.6530612244898,True,0
train_0995,4,8,6,6,11,49,22.448979591836736,True,0
train_0999,5,4,6,7,25,49,51.02040816326531,False,-1
train_1001,5,5,4,4,11,49,22.448979591836736,True,0
train_1002,5,2,9,8,12,49,24.489795918367346,False,1
train_1003,7,1,8,8,10,49,20.408163265306122,True,0
train_1004,1,3,11,13,16,49,32.6530612244898,False,-2
train_1005,6,2,6,6,8,49,16.3265306122449,True,0
train_1008,1,5,10,10,11,49,22.448979591836736,True,0
train_1009,6,1,7,8,13,49,26.53061224489796,False,-1
train_1010,1,8,7,8,10,49,20.408163265306122,False,-1
train_1011,1,4,7,6,4,49,8.16326530612245,False,1
train_1013,1,3,10,10,4,49,8.16326530612245,True,0
train_1015,4,1,10,11,16,49,32.6530612244898,False,-1
train_1016,6,2,5,5,11,49,22.448979591836736,True,0
train_1018,1,8,9,8,8,49,16.3265306122449,False,1
train_1019,4,5,7,8,12,49,24.489795918367346,False,-1
train_1021,6,4,4,4,13,49,26.53061224489796,True,0
train_1022,1,2,7,8,9,49,18.367346938775512,False,-1
train_1023,8,4,8,8,10,49,20.408163265306122,True,0
train_1024,3,3,4,4,8,49,16.3265306122449,True,0
train_1027,6,2,7,7,15,49,30.612244897959183,True,0
train_1029,5,8,11,10,10,49,20.408163265306122,False,1
train_1030,7,2,9,8,12,49,24.489795918367346,False,1
train_1031,8,2,4,4,23,49,46.93877551020408,True,0
train_1032,3,2,9,8,12,49,24.489795918367346,False,1
train_1033,1,5,4,4,19,49,38.775510204081634,True,0
train_1035,5,4,6,7,5,49,10.204081632653061,False,-1
train_1038,5,1,8,8,13,49,26.53061224489796,True,0
train_1040,3,6,6,7,12,49,24.489795918367346,False,-1
train_1041,4,1,7,8,13,49,26.53061224489796,False,-1
train_1043,5,3,6,6,26,49,53.06122448979592,True,0
train_1047,2,5,9,10,9,49,18.367346938775512,False,-1
train_1049,2,2,6,6,9,49,18.367346938775512,True,0
train_1050,6,7,7,6,10,49,20.408163265306122,False,1
train_1052,3,3,12,10,11,49,22.448979591836736,False,2
train_1053,8,4,7,7,5,49,10.204081632653061,True,0
train_1054,8,2,5,5,11,49,22.448979591836736,True,0
train_1056,3,6,8,7,10,49,20.408163265306122,False,1
train_1057,1,6,7,8,9,49,18.367346938775512,False,-1
train_1058,5,8,7,8,11,49,22.448979591836736,False,-1
train_1062,8,3,7,6,9,49,18.367346938775512,False,1
train_1067,7,7,6,6,14,49,28.571428571428573,True,0
train_1068,8,4,4,4,8,49,16.3265306122449,True,0
train_1070,1,4,8,7,9,49,18.367346938775512,False,1
train_1071,6,1,9,8,16,49,32.6530612244898,False,1
train_1074,7,8,12,13,13,49,26.53061224489796,False,-1
train_1075,3,6,7,8,9,49,18.367346938775512,False,-1
train_1078,4,3,10,9,15,49,30.612244897959183,False,1
train_1079,4,3,7,6,14,49,28.571428571428573,False,1
train_1080,2,5,6,7,7,49,14.285714285714286,False,-1
train_1081,2,4,5,5,6,49,12.244897959183673,True,0
train_1083,7,7,13,13,17,49,34.69387755102041,True,0
train_1086,2,8,10,10,13,49,26.53061224489796,True,0
train_1088,3,4,10,9,7,49,14.285714285714286,False,1
train_1091,8,2,4,4,21,49,42.857142857142854,True,0
train_1092,7,5,5,5,9,49,18.367346938775512,True,0
train_1094,1,6,7,6,10,49,20.408163265306122,False,1
train_1095,6,2,7,7,10,49,20.408163265306122,True,0
train_1103,4,2,5,5,8,49,16.3265306122449,True,0
train_1107,8,4,7,7,5,49,10.204081632653061,True,0
train_1108,6,1,6,7,11,49,22.448979591836736,False,-1
train_1110,8,2,8,8,7,49,14.285714285714286,True,0
train_1111,4,3,6,7,9,49,18.367346938775512,False,-1
train_1112,4,4,5,5,9,49,18.367346938775512,True,0
train_1114,8,8,4,4,22,49,44.89795918367347,True,0
train_1115,1,5,11,13,12,49,24.489795918367346,False,-2
train_1117,8,6,10,10,13,49,26.53061224489796,True,0
train_1118,6,3,7,8,8,49,16.3265306122449,False,-1
train_1120,1,7,6,6,11,49,22.448979591836736,True,0
train_1121,6,2,4,4,15,49,30.612244897959183,True,0
train_1122,2,1,6,7,17,49,34.69387755102041,False,-1
train_1126,7,7,6,6,17,49,34.69387755102041,True,0
train_1130,5,3,4,4,10,49,20.408163265306122,True,0
train_1131,7,3,5,5,8,49,16.3265306122449,True,0
train_1132,4,8,6,6,15,49,30.612244897959183,True,0
train_1137,3,8,7,6,12,49,24.489795918367346,False,1
train_1140,1,6,7,6,14,49,28.571428571428573,False,1
train_1143,7,1,4,4,18,49,36.734693877551024,True,0
train_1145,2,5,7,8,10,49,20.408163265306122,False,-1
train_1146,5,6,6,7,12,49,24.489795918367346,False,-1
train_1149,8,5,7,6,11,49,22.448979591836736,False,1
train_1150,1,3,8,8,7,49,14.285714285714286,True,0
train_1151,5,6,6,7,10,49,20.408163265306122,False,-1
train_1152,7,4,6,7,11,49,22.448979591836736,False,-1
train_1154,8,4,7,7,6,49,12.244897959183673,True,0
train_1156,6,2,4,4,16,49,32.6530612244898,True,0
train_1158,8,4,4,4,10,49,20.408163265306122,True,0
train_1159,4,6,5,5,7,49,14.285714285714286,True,0
train_1160,6,5,9,10,12,49,24.489795918367346,False,-1
train_1162,8,6,4,4,12,49,24.489795918367346,True,0
train_1165,5,6,7,6,11,49,22.448979591836736,False,1
train_1166,7,2,8,7,8,49,16.3265306122449,False,1
train_1168,2,3,10,11,28,49,57.142857142857146,False,-1
train_1170,7,8,9,10,15,49,30.612244897959183,False,-1
train_1171,3,7,5,5,13,49,26.53061224489796,True,0
train_1172,6,2,5,5,11,49,22.448979591836736,True,0
train_1174,7,7,7,7,9,49,18.367346938775512,True,0
train_1175,6,8,4,4,10,49,20.408163265306122,True,0
train_1176,1,3,6,6,7,49,14.285714285714286,True,0
train_1179,8,4,5,5,11,49,22.448979591836736,True,0
train_1180,7,4,6,7,15,49,30.612244897959183,False,-1
train_1181,7,7,9,9,11,49,22.448979591836736,True,0
train_1182,2,2,8,8,20,49,40.816326530612244,True,0
train_1183,2,4,11,13,11,49,22.448979591836736,False,-2
train_1184,4,4,11,11,14,49,28.571428571428573,True,0
train_1186,5,6,10,9,13,49,26.53061224489796,False,1
train_1190,6,3,7,6,9,49,18.367346938775512,False,1
train_1191,8,2,6,6,7,49,14.285714285714286,True,0
train_1192,4,4,7,7,8,49,16.3265306122449,True,0
train_1194,6,2,6,6,10,49,20.408163265306122,True,0
train_1195,1,6,8,7,6,49,12.244897959183673,False,1
train_1198,6,1,10,11,12,49,24.489795918367346,False,-1
train_1202,3,6,8,7,18,49,36.734693877551024,False,1
train_1204,6,5,9,8,12,49,24.489795918367346,False,1
train_1208,8,8,7,7,16,49,32.6530612244898,True,0
train_1211,7,8,6,7,7,49,14.285714285714286,False,-1
train_1212,1,4,6,7,8,49,16.3265306122449,False,-1
train_1213,1,5,4,4,15,49,30.612244897959183,True,0
train_1216,4,6,6,6,10,49,20.408163265306122,True,0
train_1218,6,5,6,7,12,49,24.489795918367346,False,-1
train_1220,6,2,4,4,5,49,10.204081632653061,True,0
train_1221,3,5,4,4,14,49,28.571428571428573,True,0
train_1224,1,4,7,6,18,49,36.734693877551024,False,1
train_1225,5,7,12,10,12,49,24.489795918367346,False,2
train_1226,3,6,7,8,19,49,38.775510204081634,False,-1
train_1227,2,6,9,9,15,49,30.612244897959183,True,0
train_1228,3,6,6,7,7,49,14.285714285714286,False,-1
train_1231,6,8,7,7,7,49,14.285714285714286,True,0
train_1233,1,3,5,5,12,49,24.489795918367346,True,0
train_1235,6,8,4,4,11,49,22.448979591836736,True,0
train_1237,6,7,6,7,23,49,46.93877551020408,False,-1
train_1238,5,8,8,7,14,49,28.571428571428573,False,1
train_1239,2,6,5,5,27,49,55.10204081632653,True,0
train_1242,4,5,8,9,8,49,16.3265306122449,False,-1
train_1243,3,3,6,6,4,49,8.16326530612245,True,0
train_1244,7,5,6,6,10,49,20.408163265306122,True,0
train_1245,2,6,5,5,15,49,30.612244897959183,True,0
train_1246,7,5,4,4,16,49,32.6530612244898,True,0
train_1247,5,2,9,8,17,49,34.69387755102041,False,1
train_1249,3,3,9,9,12,49,24.489795918367346,True,0
train_1252,3,6,7,6,13,49,26.53061224489796,False,1
train_1253,2,6,4,4,8,49,16.3265306122449,True,0
train_1254,1,6,9,8,12,49,24.489795918367346,False,1
train_1262,3,6,7,6,18,49,36.734693877551024,False,1
train_1263,2,3,11,12,21,49,42.857142857142854,False,-1
train_1265,6,5,7,6,17,49,34.69387755102041,False,1
train_1266,3,3,7,7,6,49,12.244897959183673,True,0
train_1268,6,5,6,7,8,49,16.3265306122449,False,-1
train_1270,7,3,5,5,12,49,24.489795918367346,True,0
train_1271,6,5,9,8,13,49,26.53061224489796,False,1
train_1275,5,3,6,6,8,49,16.3265306122449,True,0
train_1276,7,3,5,5,7,49,14.285714285714286,True,0
train_1278,8,2,5,5,19,49,38.775510204081634,True,0
train_1279,2,8,4,4,15,49,30.612244897959183,True,0
train_1281,2,7,7,6,13,49,26.53061224489796,False,1
train_1283,1,4,7,6,16,49,32.6530612244898,False,1
train_1284,6,3,8,9,8,49,16.3265306122449,False,-1
train_1285,4,4,6,6,13,49,26.53061224489796,True,0
train_1287,2,3,9,8,23,49,46.93877551020408,False,1
train_1289,5,2,6,7,7,49,14.285714285714286,False,-1
train_1290,1,5,5,5,12,49,24.489795918367346,True,0
train_1295,1,5,5,5,11,49,22.448979591836736,True,0
train_1296,3,6,8,7,9,49,18.367346938775512,False,1
train_1297,1,4,7,8,7,49,14.285714285714286,False,-1
train_1299,2,6,4,4,17,49,34.69387755102041,True,0
train_1302,5,6,8,7,22,49,44.89795918367347,False,1
train_1304,4,5,8,7,10,49,20.408163265306122,False,1
train_1306,4,2,8,8,13,49,26.53061224489796,True,0
train_1307,6,1,7,6,10,49,20.408163265306122,False,1
train_1310,7,1,9,9,12,49,24.489795918367346,True,0
train_1312,1,2,7,6,22,49,44.89795918367347,False,1
train_1313,1,4,8,7,11,49,22.448979591836736,False,1
train_1315,3,4,7,8,11,49,22.448979591836736,False,-1
train_1316,4,3,11,10,10,49,20.408163265306122,False,1
train_1319,1,5,6,6,12,49,24.489795918367346,True,0
train_1320,2,8,5,5,4,49,8.16326530612245,True,0
train_1322,5,3,10,10,7,49,14.285714285714286,True,0
train_1323,4,5,7,8,13,49,26.53061224489796,False,-1
train_1324,2,5,7,6,17,49,34.69387755102041,False,1
train_1327,3,5,7,7,24,49,48.97959183673469,True,0
train_1328,1,5,11,11,16,49,32.6530612244898,True,0
train_1331,2,6,6,6,13,49,26.53061224489796,True,0
train_1332,3,5,9,9,10,49,20.408163265306122,True,0
train_1338,1,4,8,7,15,49,30.612244897959183,False,1
train_1340,8,6,14,12,17,49,34.69387755102041,False,2
train_1341,7,5,4,4,13,49,26.53061224489796,True,0
train_1344,7,3,6,6,7,49,14.285714285714286,True,0
train_1345,8,3,8,7,14,49,28.571428571428573,False,1
train_1347,8,4,6,6,9,49,18.367346938775512,True,0
train_1348,1,5,9,9,16,49,32.6530612244898,True,0
train_1349,2,3,7,6,4,49,8.16326530612245,False,1
train_1350,1,6,7,6,26,49,53.06122448979592,False,1
train_1351,3,6,8,9,14,49,28.571428571428573,False,-1
train_1353,1,7,7,7,21,49,42.857142857142854,True,0
train_1354,3,7,4,4,19,49,38.775510204081634,True,0
train_1355,2,3,11,10,11,49,22.448979591836736,False,1
train_1356,5,8,8,7,8,49,16.3265306122449,False,1
train_1358,2,6,10,12,14,49,28.571428571428573,False,-2
train_1359,1,7,4,4,21,49,42.857142857142854,True,0
train_1361,5,1,4,4,11,49,22.448979591836736,True,0
train_1362,2,6,6,6,6,49,12.244897959183673,True,0
train_1363,8,5,7,6,5,49,10.204081632653061,False,1
train_1366,3,1,4,4,12,49,24.489795918367346,True,0
train_1371,1,5,13,11,6,49,12.244897959183673,False,2
train_1372,7,8,6,7,13,49,26.53061224489796,False,-1
train_1374,4,5,7,6,17,49,34.69387755102041,False,1
train_1376,4,6,9,9,12,49,24.489795918367346,True,0
train_1377,7,3,7,7,18,49,36.734693877551024,True,0
train_1379,6,6,8,8,10,49,20.408163265306122,True,0
train_1380,5,8,6,7,14,49,28.571428571428573,False,-1
train_1383,8,7,6,7,11,49,22.448979591836736,False,-1
train_1384,6,7,7,8,10,49,20.408163265306122,False,-1
train_1386,5,8,7,6,16,49,32.6530612244898,False,1
train_1387,8,5,9,10,13,49,26.53061224489796,False,-1
train_1388,1,6,9,8,3,49,6.122448979591836,False,1
train_1389,7,3,7,7,7,49,14.285714285714286,True,0
train_1392,4,8,10,10,9,49,18.367346938775512,True,0
train_1394,6,3,7,8,8,49,16.3265306122449,False,-1
train_1395,4,7,8,7,10,49,20.408163265306122,False,1
train_1396,7,3,5,5,9,49,18.367346938775512,True,0
train_1397,8,5,8,7,15,49,30.612244897959183,False,1
train_1401,5,6,6,7,15,49,30.612244897959183,False,-1
train_1403,7,2,9,8,8,49,16.3265306122449,False,1
train_1404,5,8,6,7,12,49,24.489795918367346,False,-1
train_1405,4,1,8,7,9,49,18.367346938775512,False,1
train_1406,2,3,7,8,15,49,30.612244897959183,False,-1
train_1408,7,7,4,4,13,49,26.53061224489796,True,0
train_1409,3,6,6,7,12,49,24.489795918367346,False,-1
train_1410,1,7,4,4,4,49,8.16326530612245,True,0
train_1411,1,8,9,10,15,49,30.612244897959183,False,-1
train_1412,8,7,9,8,11,49,22.448979591836736,False,1
train_1414,7,6,10,9,8,49,16.3265306122449,False,1
train_1416,1,4,9,8,12,49,24.489795918367346,False,1
train_1417,3,4,7,8,11,49,22.448979591836736,False,-1
train_1421,1,6,7,6,9,49,18.367346938775512,False,1
train_1422,8,1,6,7,12,49,24.489795918367346,False,-1
train_1427,3,7,8,8,12,49,24.489795918367346,True,0
train_1428,6,6,5,5,9,49,18.367346938775512,True,0
train_1429,4,1,6,7,7,49,14.285714285714286,False,-1
train_1430,6,8,4,4,5,49,10.204081632653061,True,0
train_1431,2,8,5,5,10,49,20.408163265306122,True,0
train_1432,7,8,8,9,20,49,40.816326530612244,False,-1
train_1434,2,3,7,6,7,49,14.285714285714286,False,1
train_1435,5,8,7,8,9,49,18.367346938775512,False,-1
train_1437,6,7,8,9,9,49,18.367346938775512,False,-1
train_1439,5,5,6,6,7,49,14.285714285714286,True,0
train_1444,8,6,4,4,7,49,14.285714285714286,True,0
train_1445,8,6,13,11,10,49,20.408163265306122,False,2
train_1446,8,6,8,8,11,49,22.448979591836736,True,0
train_1447,6,4,6,6,23,49,46.93877551020408,True,0
train_1448,6,8,4,4,16,49,32.6530612244898,True,0
train_1451,2,8,5,5,9,49,18.367346938775512,True,0
train_1452,7,4,6,7,26,49,53.06122448979592,False,-1
train_1453,1,5,5,5,4,49,8.16326530612245,True,0
train_1454,1,7,6,6,17,49,34.69387755102041,True,0
train_1455,4,7,7,8,14,49,28.571428571428573,False,-1
train_1457,8,2,7,7,8,49,16.3265306122449,True,0
train_1458,8,7,10,9,12,49,24.489795918367346,False,1
train_1462,6,4,10,12,12,49,24.489795918367346,False,-2
train_1463,6,5,7,6,8,49,16.3265306122449,False,1
train_1464,1,7,12,14,21,49,42.857142857142854,False,-2
train_1465,7,1,5,5,15,49,30.612244897959183,True,0
train_1468,2,8,5,5,14,49,28.571428571428573,True,0
train_1469,2,8,6,6,5,49,10.204081632653061,True,0
train_1471,8,4,4,4,7,49,14.285714285714286,True,0
train_1472,4,7,8,7,12,49,24.489795918367346,False,1
train_1476,4,8,8,8,4,49,8.16326530612245,True,0
train_1478,3,1,7,7,14,49,28.571428571428573,True,0
train_1479,7,1,4,4,12,49,24.489795918367346,True,0
train_1481,5,2,8,9,8,49,16.3265306122449,False,-1
train_1483,7,3,6,6,14,49,28.571428571428573,True,0
train_1487,6,7,7,8,10,49,20.408163265306122,False,-1
train_1490,5,4,7,6,10,49,20.408163265306122,False,1
train_1491,4,1,10,9,22,49,44.89795918367347,False,1
train_1492,2,7,6,7,8,49,16.3265306122449,False,-1
train_1495,5,1,5,5,11,49,22.448979591836736,True,0
train_1496,1,8,7,6,18,49,36.734693877551024,False,1
train_1497,4,8,6,6,21,49,42.857142857142854,True,0
train_1498,1,7,7,7,14,49,28.571428571428573,True,0
train_1499,3,1,5,5,16,49,32.6530612244898,True,0
train_1502,5,4,7,8,18,49,36.734693877551024,False,-1
train_1504,5,2,10,9,7,49,14.285714285714286,False,1
train_1505,2,6,6,6,16,49,32.6530612244898,True,0
train_1506,2,7,7,6,8,49,16.3265306122449,False,1
train_1508,6,8,5,5,13,49,26.53061224489796,True,0
train_1509,7,3,6,6,8,49,16.3265306122449,True,0
train_1511,1,5,4,4,14,49,28.571428571428573,True,0
train_1512,2,4,5,5,12,49,24.489795918367346,True,0
train_1514,7,1,6,6,22,49,44.89795918367347,True,0
train_1517,5,8,8,9,10,49,20.408163265306122,False,-1
train_1518,2,4,7,7,9,49,18.367346938775512,True,0
train_1520,3,2,8,7,16,49,32.6530612244898,False,1
train_1521,5,6,7,6,9,49,18.367346938775512,False,1
train_1522,5,5,4,4,16,49,32.6530612244898,True,0
train_1523,4,3,8,7,13,49,26.53061224489796,False,1
train_1525,2,7,8,9,10,49,20.408163265306122,False,-1
train_1528,8,7,10,9,15,49,30.612244897959183,False,1
train_1530,5,4,7,8,11,49,22.448979591836736,False,-1
train_1531,7,1,4,4,12,49,24.489795918367346,True,0
train_1532,7,5,4,4,6,49,12.244897959183673,True,0
train_1534,4,6,4,4,12,49,24.489795918367346,True,0
train_1535,8,7,13,12,20,49,40.816326530612244,False,1
train_1544,5,1,7,7,11,49,22.448979591836736,True,0
train_1545,5,8,9,10,15,49,30.612244897959183,False,-1
train_1551,7,7,9,9,5,49,10.204081632653061,True,0
train_1553,4,2,6,6,6,49,12.244897959183673,True,0
train_1554,2,5,8,9,7,49,14.285714285714286,False,-1
train_1556,4,2,8,8,17,49,34.69387755102041,True,0
train_1558,3,5,7,7,7,49,14.285714285714286,True,0
train_1561,2,1,7,6,8,49,16.3265306122449,False,1
train_1562,4,1,7,8,14,49,28.571428571428573,False,-1
train_1564,8,4,4,4,8,49,16.3265306122449,True,0
train_1566,4,7,8,7,12,49,24.489795918367346,False,1
train_1567,8,4,4,4,16,49,32.6530612244898,True,0
train_1570,2,6,10,10,7,49,14.285714285714286,True,0
train_1571,3,6,9,10,15,49,30.612244897959183,False,-1
train_1573,5,6,8,7,18,49,36.734693877551024,False,1
train_1574,6,1,7,6,16,49,32.6530612244898,False,1
train_1577,8,1,7,8,20,49,40.816326530612244,False,-1
train_1579,8,2,4,4,12,49,24.489795918367346,True,0
train_1580,3,1,6,6,9,49,18.367346938775512,True,0
train_1581,7,2,7,6,10,49,20.408163265306122,False,1
train_1584,1,5,4,4,11,49,22.448979591836736,True,0
train_1585,1,5,4,4,10,49,20.408163265306122,True,0
train_1587,3,3,9,9,20,49,40.816326530612244,True,0
train_1589,3,2,7,6,23,49,46.93877551020408,False,1
train_1590,2,3,8,7,7,49,14.285714285714286,False,1
train_1592,6,3,8,9,21,49,42.857142857142854,False,-1
train_1593,3,2,7,8,10,49,20.408163265306122,False,-1
train_1595,4,3,7,8,12,49,24.489795918367346,False,-1
train_1597,5,3,5,5,9,49,18.367346938775512,True,0
train_1598,7,3,4,4,14,49,28.571428571428573,True,0
train_1600,2,6,4,4,9,49,18.367346938775512,True,0
train_1601,8,4,4,4,25,49,51.02040816326531,True,0
train_1603,7,5,5,5,11,49,22.448979591836736,True,0
train_1604,6,7,7,8,13,49,26.53061224489796,False,-1
train_1605,7,8,8,7,12,49,24.489795918367346,False,1
train_1611,8,2,5,5,19,49,38.775510204081634,True,0
train_1612,8,4,5,5,11,49,22.448979591836736,True,0
train_1613,7,6,11,10,13,49,26.53061224489796,False,1
train_1614,1,5,6,6,19,49,38.775510204081634,True,0
train_1615,3,6,7,8,14,49,28.571428571428573,False,-1
train_1616,3,5,9,9,16,49,32.6530612244898,True,0
train_1617,4,2,8,8,10,49,20.408163265306122,True,0
train_1620,3,3,7,7,11,49,22.448979591836736,True,0
train_1621,3,5,10,10,6,49,12.244897959183673,True,0
train_1622,1,4,10,11,15,49,30.612244897959183,False,-1
train_1624,8,8,6,6,17,49,34.69387755102041,True,0
train_1625,6,7,8,9,16,49,32.6530612244898,False,-1
train_1627,6,4,7,7,14,49,28.571428571428573,True,0
train_1629,8,8,5,5,8,49,16.3265306122449,True,0
train_1630,8,6,4,4,19,49,38.775510204081634,True,0
train_1637,6,7,10,11,11,49,22.448979591836736,False,-1
train_1641,5,6,10,11,12,49,24.489795918367346,False,-1
train_1643,2,8,9,9,8,49,16.3265306122449,True,0
train_1645,8,5,12,11,14,49,28.571428571428573,False,1
train_1649,6,4,5,5,12,49,24.489795918367346,True,0
train_1650,1,2,7,6,20,49,40.816326530612244,False,1
train_1652,5,7,4,4,10,49,20.408163265306122,True,0
train_1655,1,4,7,6,10,49,20.408163265306122,False,1
train_1656,4,6,9,9,16,49,32.6530612244898,True,0
train_1658,6,6,4,4,9,49,18.367346938775512,True,0
train_1660,8,6,5,5,8,49,16.3265306122449,True,0
train_1662,6,3,9,10,11,49,22.448979591836736,False,-1
train_1663,8,5,7,6,9,49,18.367346938775512,False,1
train_1664,4,7,8,7,13,49,26.53061224489796,False,1
train_1665,3,5,10,12,14,49,28.571428571428573,False,-2
train_1670,1,4,8,7,12,49,24.489795918367346,False,1
train_1671,8,5,8,7,13,49,26.53061224489796,False,1
train_1673,7,4,8,7,12,49,24.489795918367346,False,1
train_1676,5,5,7,7,20,49,40.816326530612244,True,0
train_1679,2,4,6,6,9,49,18.367346938775512,True,0
train_1682,3,6,7,6,16,49,32.6530612244898,False,1
train_1683,8,2,8,8,9,49,18.367346938775512,True,0
train_1684,3,2,6,7,23,49,46.93877551020408,False,-1
train_1685,6,2,4,4,15,49,30.612244897959183,True,0
train_1686,8,8,5,5,22,49,44.89795918367347,True,0
train_1688,5,1,7,7,12,49,24.489795918367346,True,0
train_1689,8,1,8,7,15,49,30.612244897959183,False,1
train_1690,3,1,4,4,8,49,16.3265306122449,True,0
train_1692,3,6,9,8,15,49,30.612244897959183,False,1
train_1698,4,1,9,8,13,49,26.53061224489796,False,1
train_1699,8,2,4,4,16,49,32.6530612244898,True,0
train_1700,3,1,15,15,10,49,20.408163265306122,True,0
train_1701,3,6,8,7,12,49,24.489795918367346,False,1
train_1703,4,7,6,7,9,49,18.367346938775512,False,-1
train_1709,7,2,6,7,6,49,12.244897959183673,False,-1
train_1712,6,3,10,11,12,49,24.489795918367346,False,-1
train_1715,3,4,6,7,11,49,22.448979591836736,False,-1
train_1717,1,6,6,7,4,49,8.16326530612245,False,-1
train_1718,5,2,7,6,6,49,12.244897959183673,False,1
train_1720,7,6,10,9,20,49,40.816326530612244,False,1
train_1722,6,7,8,7,7,49,14.285714285714286,False,1
train_1723,4,8,6,6,12,49,24.489795918367346,True,0
train_1726,8,6,4,4,11,49,22.448979591836736,True,0
train_1730,6,3,9,10,15,49,30.612244897959183,False,-1
train_1732,2,5,9,8,15,49,30.612244897959183,False,1
train_1734,6,6,11,11,14,49,28.571428571428573,True,0
train_1735,7,3,4,4,10,49,20.408163265306122,True,0
train_1737,7,3,9,9,16,49,32.6530612244898,True,0
train_1741,8,4,8,8,18,49,36.734693877551024,True,0
train_1743,3,8,6,7,20,49,40.816326530612244,False,-1
train_1744,6,3,9,10,19,49,38.775510204081634,False,-1
train_1746,8,6,7,7,9,49,18.367346938775512,True,0
train_1747,3,1,6,6,10,49,20.408163265306122,True,0
train_1748,1,4,8,7,24,49,48.97959183673469,False,1
train_1749,4,6,7,7,9,49,18.367346938775512,True,0
train_1750,1,4,6,7,12,49,24.489795918367346,False,-1
train_1752,3,7,5,5,10,49,20.408163265306122,True,0
train_1754,3,4,6,7,8,49,16.3265306122449,False,-1
train_1757,3,8,11,10,12,49,24.489795918367346,False,1
train_1759,5,8,7,6,15,49,30.612244897959183,False,1
train_1761,4,6,7,7,16,49,32.6530612244898,True,0
train_1762,2,6,9,9,18,49,36.734693877551024,True,0
train_1764,4,7,11,10,22,49,44.89795918367347,False,1
train_1765,6,1,7,8,13,49,26.53061224489796,False,-1
train_1766,1,7,6,6,9,49,18.367346938775512,True,0
train_1768,4,2,5,5,13,49,26.53061224489796,True,0
train_1769,3,5,6,6,3,49,6.122448979591836,True,0
train_1770,5,4,8,7,7,49,14.285714285714286,False,1
train_1771,8,4,4,4,10,49,20.408163265306122,True,0
train_1772,8,2,4,4,25,49,51.02040816326531,True,0
train_1778,7,1,5,5,11,49,22.448979591836736,True,0
train_1780,1,7,5,5,7,49,14.285714285714286,True,0
train_1781,1,2,8,9,8,49,16.3265306122449,False,-1
train_1783,4,1,8,7,14,49,28.571428571428573,False,1
train_1784,3,4,10,9,12,49,24.489795918367346,False,1
train_1785,7,6,7,6,17,49,34.69387755102041,False,1
train_1786,2,1,8,9,21,49,42.857142857142854,False,-1
train_1789,4,5,8,7,17,49,34.69387755102041,False,1
train_1791,6,5,9,8,15,49,30.612244897959183,False,1
train_1794,6,2,4,4,5,49,10.204081632653061,True,0
train_1795,4,1,8,7,11,49,22.448979591836736,False,1
train_1796,6,2,5,5,11,49,22.448979591836736,True,0
train_1797,3,4,8,9,10,49,20.408163265306122,False,-1
train_1799,2,3,6,7,19,49,38.775510204081634,False,-1
train_1800,4,1,7,8,18,49,36.734693877551024,False,-1
train_1802,1,6,6,7,13,49,26.53061224489796,False,-1
train_1803,8,2,4,4,17,49,34.69387755102041,True,0
train_1805,1,3,9,9,10,49,20.408163265306122,True,0
train_1806,6,6,7,7,14,49,28.571428571428573,True,0
train_1808,4,8,7,7,20,49,40.816326530612244,True,0
train_1810,4,7,7,8,17,49,34.69387755102041,False,-1
train_1812,1,7,4,4,11,49,22.448979591836736,True,0
train_1814,3,8,7,8,4,49,8.16326530612245,False,-1
train_1817,1,7,6,6,25,49,51.02040816326531,True,0
train_1821,6,3,6,7,19,49,38.775510204081634,False,-1
train_1824,7,1,7,7,14,49,28.571428571428573,True,0
train_1828,5,8,9,8,13,49,26.53061224489796,False,1
train_1832,6,2,4,4,11,49,22.448979591836736,True,0
train_1834,1,3,5,5,5,49,10.204081632653061,True,0
train_1836,5,6,9,10,10,49,20.408163265306122,False,-1
train_1838,4,8,5,5,2,49,4.081632653061225,True,0
train_1839,4,1,6,7,17,49,34.69387755102041,False,-1
train_1840,2,7,6,7,18,49,36.734693877551024,False,-1
train_1841,7,5,6,6,18,49,36.734693877551024,True,0
train_1843,7,2,10,9,14,49,28.571428571428573,False,1
train_1844,7,7,4,4,6,49,12.244897959183673,True,0
train_1845,4,5,7,8,17,49,34.69387755102041,False,-1
train_1848,2,7,7,8,2,49,4.081632653061225,False,-1
train_1849,2,3,9,8,12,49,24.489795918367346,False,1
train_1851,5,3,4,4,11,49,22.448979591836736,True,0
train_1853,6,6,4,4,13,49,26.53061224489796,True,0
train_1854,7,1,5,5,8,49,16.3265306122449,True,0
train_1858,7,8,8,9,8,49,16.3265306122449,False,-1
train_1859,8,7,11,10,16,49,32.6530612244898,False,1
train_1860,8,3,6,7,5,49,10.204081632653061,False,-1
train_1862,5,7,5,5,9,49,18.367346938775512,True,0
train_1863,3,5,6,6,20,49,40.816326530612244,True,0
train_1864,2,8,4,4,20,49,40.816326530612244,True,0
train_1865,7,8,7,6,12,49,24.489795918367346,False,1
train_1869,3,8,7,8,19,49,38.775510204081634,False,-1
train_1870,8,2,4,4,14,49,28.571428571428573,True,0
train_1872,3,5,7,7,9,49,18.367346938775512,True,0
train_1873,4,3,8,7,15,49,30.612244897959183,False,1
train_1876,4,1,9,8,10,49,20.408163265306122,False,1
train_1878,5,4,6,7,5,49,10.204081632653061,False,-1
train_1879,6,1,7,8,8,49,16.3265306122449,False,-1
train_1881,8,1,6,7,8,49,16.3265306122449,False,-1
train_1882,3,2,7,8,9,49,18.367346938775512,False,-1
train_1884,2,7,8,7,6,49,12.244897959183673,False,1
train_1887,5,1,5,5,12,49,24.489795918367346,True,0
train_1888,5,5,4,4,11,49,22.448979591836736,True,0
train_1890,8,5,6,7,10,49,20.408163265306122,False,-1
train_1891,1,7,5,5,21,49,42.857142857142854,True,0
train_1894,6,6,8,8,21,49,42.857142857142854,True,0
train_1896,7,3,7,7,13,49,26.53061224489796,True,0
train_1897,3,2,11,10,11,49,22.448979591836736,False,1
train_1900,6,5,9,8,12,49,24.489795918367346,False,1
train_1901,1,5,4,4,19,49,38.775510204081634,True,0
train_1905,1,6,6,7,16,49,32.6530612244898,False,-1
train_1907,6,7,9,10,8,49,16.3265306122449,False,-1
train_1910,5,1,5,5,16,49,32.6530612244898,True,0
train_1911,1,7,5,5,8,49,16.3265306122449,True,0
train_1913,2,6,5,5,15,49,30.612244897959183,True,0
train_1916,1,5,4,4,6,49,12.244897959183673,True,0
train_1917,1,7,4,4,11,49,22.448979591836736,True,0
train_1920,3,7,4,4,14,49,28.571428571428573,True,0
train_1921,7,7,9,9,15,49,30.612244897959183,True,0
train_1923,5,2,11,12,14,49,28.571428571428573,False,-1
train_1924,6,8,7,7,9,49,18.367346938775512,True,0
train_1925,8,8,8,8,13,49,26.53061224489796,True,0
train_1926,3,8,6,7,10,49,20.408163265306122,False,-1
train_1927,5,2,6,7,13,49,26.53061224489796,False,-1
train_1928,3,4,8,9,16,49,32.6530612244898,False,-1
train_1930,5,2,11,12,10,49,20.408163265306122,False,-1
train_1931,8,7,7,6,12,49,24.489795918367346,False,1
train_1933,5,3,7,7,14,49,28.571428571428573,True,0
train_1934,5,2,8,7,21,49,42.857142857142854,False,1
train_1936,4,7,6,7,5,49,10.204081632653061,False,-1
train_1937,4,4,8,8,19,49,38.775510204081634,True,0
train_1938,2,1,7,6,19,49,38.775510204081634,False,1
train_1939,3,1,7,7,11,49,22.448979591836736,True,0
train_1940,5,4,8,7,7,49,14.285714285714286,False,1
train_1941,8,2,4,4,7,49,14.285714285714286,True,0
train_1944,4,1,8,9,16,49,32.6530612244898,False,-1
train_1945,8,4,4,4,6,49,12.244897959183673,True,0
train_1947,3,3,6,6,8,49,16.3265306122449,True,0
train_1950,8,2,5,5,12,49,24.489795918367346,True,0
train_1952,8,2,5,5,16,49,32.6530612244898,True,0
train_1953,5,8,8,7,15,49,30.612244897959183,False,1
train_1954,7,3,4,4,12,49,24.489795918367346,True,0
train_1959,6,2,5,5,9,49,18.367346938775512,True,0
train_1960,7,7,5,5,8,49,16.3265306122449,True,0
train_1964,5,8,9,8,6,49,12.244897959183673,False,1
train_1965,1,3,5,5,10,49,20.408163265306122,True,0
train_1967,2,5,10,9,13,49,26.53061224489796,False,1
train_1968,5,5,4,4,12,49,24.489795918367346,True,0
train_1970,6,3,7,6,10,49,20.408163265306122,False,1
train_1972,1,6,7,6,8,49,16.3265306122449,False,1
train_1973,4,3,10,9,24,49,48.97959183673469,False,1
train_1974,6,1,6,7,15,49,30.612244897959183,False,-1
train_1975,1,6,7,6,14,49,28.571428571428573,False,1
train_1977,7,1,5,5,5,49,10.204081632653061,True,0
train_1978,5,4,6,7,9,49,18.367346938775512,False,-1
train_1982,8,8,4,4,12,49,24.489795918367346,True,0
train_1983,3,2,8,7,8,49,16.3265306122449,False,1
train_1986,5,6,9,8,9,49,18.367346938775512,False,1
train_1987,1,2,7,8,9,49,18.367346938775512,False,-1
train_1988,3,5,4,4,23,49,46.93877551020408,True,0
train_1990,2,7,7,6,7,49,14.285714285714286,False,1
train_1996,7,7,8,8,19,49,38.775510204081634,True,0
train_1997,7,2,7,6,18,49,36.734693877551024,False,1
train_1998,8,4,6,6,16,49,32.6530612244898,True,0
train_1999,8,5,9,8,11,49,22.448979591836736,False,1
