wall_density_lower_percent,wall_density_upper_percent_exclusive,steps_to_each_goal,count,n_equidistant_in_bin
0,10,3,0,19
0,10,4,3,19
0,10,5,4,19
0,10,6,6,19
0,10,7,2,19
0,10,8,3,19
0,10,9,0,19
0,10,10,1,19
0,10,11,0,19
0,10,12,0,19
0,10,13,0,19
0,10,14,0,19
0,10,15,0,19
10,20,3,0,166
10,20,4,39,166
10,20,5,41,166
10,20,6,35,166
10,20,7,29,166
10,20,8,9,166
10,20,9,7,166
10,20,10,6,166
10,20,11,0,166
10,20,12,0,166
10,20,13,0,166
10,20,14,0,166
10,20,15,0,166
20,30,3,0,221
20,30,4,73,221
20,30,5,44,221
20,30,6,43,221
20,30,7,25,221
20,30,8,18,221
20,30,9,9,221
20,30,10,5,221
20,30,11,3,221
20,30,12,0,221
20,30,13,0,221
20,30,14,0,221
20,30,15,1,221
30,40,3,0,110
30,40,4,38,110
30,40,5,19,110
30,40,6,18,110
30,40,7,10,110
30,40,8,9,110
30,40,9,10,110
30,40,10,2,110
30,40,11,3,110
30,40,12,0,110
30,40,13,1,110
30,40,14,0,110
30,40,15,0,110
40,50,3,0,34
40,50,4,12,34
40,50,5,5,34
40,50,6,4,34
40,50,7,7,34
40,50,8,3,34
40,50,9,3,34
40,50,10,0,34
40,50,11,0,34
40,50,12,0,34
40,50,13,0,34
40,50,14,0,34
40,50,15,0,34
50,60,3,0,8
50,60,4,2,8
50,60,5,2,8
50,60,6,3,8
50,60,7,1,8
50,60,8,0,8
50,60,9,0,8
50,60,10,0,8
50,60,11,0,8
50,60,12,0,8
50,60,13,0,8
50,60,14,0,8
50,60,15,0,8
60,70,3,0,1
60,70,4,0,1
60,70,5,0,1
60,70,6,1,1
60,70,7,0,1
60,70,8,0,1
60,70,9,0,1
60,70,10,0,1
60,70,11,0,1
60,70,12,0,1
60,70,13,0,1
60,70,14,0,1
60,70,15,0,1
