version,condition,seed,partner_red_delay,partner_blue_delay,episodes_allocated,episodes_started,episodes_completed,rounds_started,rounds_completed,environment_steps,unique_layouts_started,visits_per_layout_min,visits_per_layout_max
v1,rnn_diverse_influence,1,1,4,1417,1417,1406,28235,28224,2450853,1096,25,26
v1,rnn_diverse_influence,1,1,7,1417,1417,1406,28230,28219,2492088,1096,25,26
v1,rnn_diverse_influence,1,1,8,1417,1417,1406,28227,28216,2511041,1096,25,26
v1,rnn_diverse_influence,1,1,9,1416,1416,1406,28220,28210,2522274,1096,25,26
v1,rnn_diverse_influence,1,2,4,1416,1416,1406,28231,28221,2460858,1096,25,26
v1,rnn_diverse_influence,1,2,7,1417,1417,1405,28232,28220,2504189,1096,25,26
v1,rnn_diverse_influence,1,2,8,1417,1417,1406,28233,28222,2523015,1096,25,26
v1,rnn_diverse_influence,1,2,9,1417,1417,1405,28219,28208,2535771,1096,25,26
v1,rnn_diverse_influence,1,3,4,1417,1417,1406,28232,28223,2470084,1096,25,26
v1,rnn_diverse_influence,1,3,7,1417,1417,1406,28228,28217,2517762,1096,25,26
v1,rnn_diverse_influence,1,3,8,1417,1417,1406,28227,28216,2530953,1096,25,26
v1,rnn_diverse_influence,1,3,9,1417,1417,1405,28222,28211,2539183,1096,25,26
v1,rnn_diverse_influence,1,4,1,1417,1417,1407,28236,28226,2441817,1096,25,26
v1,rnn_diverse_influence,1,4,2,1416,1416,1406,28235,28225,2464290,1096,25,26
v1,rnn_diverse_influence,1,4,3,1417,1417,1406,28231,28220,2469858,1096,25,26
v1,rnn_diverse_influence,1,7,1,1416,1416,1406,28234,28224,2478468,1096,25,26
v1,rnn_diverse_influence,1,7,2,1417,1417,1406,28226,28215,2493162,1096,25,26
v1,rnn_diverse_influence,1,7,3,1417,1417,1407,28231,28221,2507059,1096,25,26
v1,rnn_diverse_influence,1,8,1,1417,1417,1406,28229,28218,2494177,1096,25,26
v1,rnn_diverse_influence,1,8,2,1417,1417,1407,28232,28222,2504932,1096,25,26
v1,rnn_diverse_influence,1,8,3,1417,1417,1406,28228,28217,2519208,1096,25,26
v1,rnn_diverse_influence,1,9,1,1417,1417,1407,28231,28221,2496733,1096,25,26
v1,rnn_diverse_influence,1,9,2,1416,1416,1406,28228,28218,2511922,1096,25,26
v1,rnn_diverse_influence,1,9,3,1416,1416,1407,28225,28216,2525743,1096,25,26
v1,rnn_diverse_influence,2,1,4,1365,1365,1356,27206,27198,2460797,1096,24,25
v1,rnn_diverse_influence,2,1,7,1366,1366,1356,27205,27195,2481854,1096,24,25
v1,rnn_diverse_influence,2,1,8,1366,1366,1356,27202,27193,2485331,1096,24,25
v1,rnn_diverse_influence,2,1,9,1365,1365,1355,27205,27195,2491252,1096,24,25
v1,rnn_diverse_influence,2,2,4,1366,1366,1356,27200,27191,2469943,1096,24,25
v1,rnn_diverse_influence,2,2,7,1365,1365,1355,27196,27186,2489093,1096,24,25
v1,rnn_diverse_influence,2,2,8,1366,1366,1354,27195,27183,2495619,1096,24,25
v1,rnn_diverse_influence,2,2,9,1366,1366,1354,27197,27185,2501489,1096,24,25
v1,rnn_diverse_influence,2,3,4,1366,1366,1356,27197,27187,2476067,1096,24,25
v1,rnn_diverse_influence,2,3,7,1365,1365,1355,27194,27184,2499417,1096,24,25
v1,rnn_diverse_influence,2,3,8,1366,1366,1356,27201,27191,2505415,1096,24,25
v1,rnn_diverse_influence,2,3,9,1366,1366,1354,27199,27187,2513573,1096,24,25
v1,rnn_diverse_influence,2,4,1,1365,1365,1354,27201,27190,2466121,1096,24,25
v1,rnn_diverse_influence,2,4,2,1366,1366,1354,27198,27186,2472537,1096,24,25
v1,rnn_diverse_influence,2,4,3,1365,1365,1355,27200,27190,2482417,1096,24,25
v1,rnn_diverse_influence,2,7,1,1365,1365,1354,27194,27183,2503991,1096,24,25
v1,rnn_diverse_influence,2,7,2,1365,1365,1355,27192,27182,2505758,1096,24,25
v1,rnn_diverse_influence,2,7,3,1365,1365,1355,27196,27186,2519392,1096,24,25
v1,rnn_diverse_influence,2,8,1,1365,1365,1354,27197,27186,2511736,1096,24,25
v1,rnn_diverse_influence,2,8,2,1365,1365,1354,27198,27187,2516344,1096,24,25
v1,rnn_diverse_influence,2,8,3,1365,1365,1354,27194,27183,2525912,1096,24,25
v1,rnn_diverse_influence,2,9,1,1365,1365,1354,27196,27185,2525822,1096,24,25
v1,rnn_diverse_influence,2,9,2,1365,1365,1354,27194,27183,2529011,1096,24,25
v1,rnn_diverse_influence,2,9,3,1366,1366,1354,27195,27184,2536549,1096,24,25
v1,rnn_diverse_influence,3,1,4,1354,1354,1343,26969,26958,2478436,1096,24,25
v1,rnn_diverse_influence,3,1,7,1353,1353,1343,26960,26950,2500841,1096,24,25
v1,rnn_diverse_influence,3,1,8,1354,1354,1343,26959,26948,2510670,1096,24,25
v1,rnn_diverse_influence,3,1,9,1354,1354,1341,26961,26948,2519001,1096,24,25
v1,rnn_diverse_influence,3,2,4,1354,1354,1343,26967,26956,2484154,1096,24,25
v1,rnn_diverse_influence,3,2,7,1353,1353,1343,26960,26950,2508958,1096,24,25
v1,rnn_diverse_influence,3,2,8,1353,1353,1342,26960,26949,2516161,1096,24,25
v1,rnn_diverse_influence,3,2,9,1353,1353,1343,26962,26952,2524833,1096,24,25
v1,rnn_diverse_influence,3,3,4,1354,1354,1343,26963,26952,2483960,1096,24,25
v1,rnn_diverse_influence,3,3,7,1353,1353,1343,26956,26946,2511462,1096,24,25
v1,rnn_diverse_influence,3,3,8,1354,1354,1343,26961,26950,2522997,1096,24,25
v1,rnn_diverse_influence,3,3,9,1353,1353,1342,26959,26948,2528730,1096,24,25
v1,rnn_diverse_influence,3,4,1,1353,1353,1345,26963,26955,2462198,1096,24,25
v1,rnn_diverse_influence,3,4,2,1353,1353,1343,26964,26954,2472638,1096,24,25
v1,rnn_diverse_influence,3,4,3,1354,1354,1342,26966,26954,2480330,1096,24,25
v1,rnn_diverse_influence,3,7,1,1353,1353,1343,26964,26954,2481660,1096,24,25
v1,rnn_diverse_influence,3,7,2,1354,1354,1343,26965,26954,2485022,1096,24,25
v1,rnn_diverse_influence,3,7,3,1353,1353,1341,26960,26948,2502208,1096,24,25
v1,rnn_diverse_influence,3,8,1,1353,1353,1344,26965,26956,2489055,1096,24,25
v1,rnn_diverse_influence,3,8,2,1354,1354,1342,26968,26956,2494948,1096,24,25
v1,rnn_diverse_influence,3,8,3,1353,1353,1342,26962,26952,2505413,1096,24,25
v1,rnn_diverse_influence,3,9,1,1354,1354,1344,26967,26958,2493997,1096,24,25
v1,rnn_diverse_influence,3,9,2,1353,1353,1343,26965,26955,2500308,1096,24,25
v1,rnn_diverse_influence,3,9,3,1353,1353,1342,26961,26950,2507460,1096,24,25
v1,rnn_diverse_influence,4,1,4,1389,1389,1379,27643,27633,2450734,1096,25,26
v1,rnn_diverse_influence,4,1,7,1389,1389,1379,27639,27629,2458165,1096,25,26
v1,rnn_diverse_influence,4,1,8,1389,1389,1379,27637,27627,2461345,1096,25,26
v1,rnn_diverse_influence,4,1,9,1389,1389,1379,27645,27635,2464445,1096,25,26
v1,rnn_diverse_influence,4,2,4,1389,1389,1379,27644,27634,2456942,1096,25,26
v1,rnn_diverse_influence,4,2,7,1388,1388,1379,27641,27632,2464983,1096,25,26
v1,rnn_diverse_influence,4,2,8,1389,1389,1379,27646,27636,2470883,1096,25,26
v1,rnn_diverse_influence,4,2,9,1389,1389,1379,27643,27633,2472602,1096,25,26
v1,rnn_diverse_influence,4,3,4,1389,1389,1379,27639,27629,2466973,1096,25,26
v1,rnn_diverse_influence,4,3,7,1388,1388,1378,27638,27628,2477558,1096,25,26
v1,rnn_diverse_influence,4,3,8,1389,1389,1379,27640,27630,2474915,1096,25,26
v1,rnn_diverse_influence,4,3,9,1389,1389,1379,27635,27625,2481371,1096,25,26
v1,rnn_diverse_influence,4,4,1,1389,1389,1379,27652,27642,2478109,1096,25,26
v1,rnn_diverse_influence,4,4,2,1389,1389,1379,27643,27633,2476852,1096,25,26
v1,rnn_diverse_influence,4,4,3,1389,1389,1379,27645,27635,2475545,1096,25,26
v1,rnn_diverse_influence,4,7,1,1389,1389,1378,27642,27631,2528258,1096,25,26
v1,rnn_diverse_influence,4,7,2,1389,1389,1378,27639,27628,2529821,1096,25,26
v1,rnn_diverse_influence,4,7,3,1389,1389,1378,27638,27627,2532310,1096,25,26
v1,rnn_diverse_influence,4,8,1,1389,1389,1378,27640,27629,2544331,1096,25,26
v1,rnn_diverse_influence,4,8,2,1389,1389,1377,27640,27628,2548163,1096,25,26
v1,rnn_diverse_influence,4,8,3,1389,1389,1377,27644,27632,2548079,1096,25,26
v1,rnn_diverse_influence,4,9,1,1389,1389,1377,27634,27622,2565660,1096,25,26
v1,rnn_diverse_influence,4,9,2,1389,1389,1375,27636,27622,2569471,1096,25,26
v1,rnn_diverse_influence,4,9,3,1389,1389,1376,27640,27627,2567925,1096,25,26
v1,rnn_diverse_influence,5,1,4,1372,1372,1362,27371,27361,2460658,1096,24,26
v1,rnn_diverse_influence,5,1,7,1371,1371,1362,27370,27361,2474052,1096,24,26
v1,rnn_diverse_influence,5,1,8,1372,1372,1362,27370,27360,2477080,1096,24,26
v1,rnn_diverse_influence,5,1,9,1372,1372,1362,27369,27359,2484986,1096,24,26
v1,rnn_diverse_influence,5,2,4,1372,1372,1362,27365,27355,2465678,1096,24,26
v1,rnn_diverse_influence,5,2,7,1371,1371,1361,27360,27350,2477476,1096,24,26
v1,rnn_diverse_influence,5,2,8,1371,1371,1361,27364,27354,2486697,1096,24,26
v1,rnn_diverse_influence,5,2,9,1372,1372,1362,27362,27352,2492222,1096,24,26
v1,rnn_diverse_influence,5,3,4,1372,1372,1361,27369,27358,2477318,1096,24,26
v1,rnn_diverse_influence,5,3,7,1372,1372,1361,27362,27352,2491509,1096,24,26
v1,rnn_diverse_influence,5,3,8,1372,1372,1361,27368,27357,2499313,1096,24,26
v1,rnn_diverse_influence,5,3,9,1372,1372,1361,27362,27351,2502987,1096,24,26
v1,rnn_diverse_influence,5,4,1,1372,1372,1362,27367,27357,2471915,1096,24,26
v1,rnn_diverse_influence,5,4,2,1372,1372,1362,27371,27361,2477986,1096,24,26
v1,rnn_diverse_influence,5,4,3,1372,1372,1362,27367,27357,2480735,1096,24,26
v1,rnn_diverse_influence,5,7,1,1372,1372,1361,27363,27352,2510994,1096,24,26
v1,rnn_diverse_influence,5,7,2,1371,1371,1361,27356,27346,2511905,1096,24,26
v1,rnn_diverse_influence,5,7,3,1372,1372,1360,27361,27349,2517998,1096,24,26
v1,rnn_diverse_influence,5,8,1,1372,1372,1360,27352,27340,2522995,1096,24,26
v1,rnn_diverse_influence,5,8,2,1372,1372,1361,27359,27348,2524914,1096,24,26
v1,rnn_diverse_influence,5,8,3,1372,1372,1360,27356,27344,2531942,1096,24,26
v1,rnn_diverse_influence,5,9,1,1372,1372,1360,27354,27342,2537007,1096,24,26
v1,rnn_diverse_influence,5,9,2,1372,1372,1361,27355,27344,2539815,1096,24,26
v1,rnn_diverse_influence,5,9,3,1372,1372,1360,27355,27344,2547258,1096,24,26
v1,mlp_diverse_influence,1,1,4,1573,1573,1565,31371,31363,2413635,1096,28,29
v1,mlp_diverse_influence,1,1,7,1574,1574,1562,31362,31351,2487948,1096,28,29
v1,mlp_diverse_influence,1,1,8,1574,1574,1562,31357,31345,2507418,1096,28,29
v1,mlp_diverse_influence,1,1,9,1574,1574,1561,31359,31346,2535849,1096,28,29
v1,mlp_diverse_influence,1,2,4,1574,1574,1566,31371,31363,2429150,1096,28,29
v1,mlp_diverse_influence,1,2,7,1574,1574,1562,31366,31354,2500688,1096,28,29
v1,mlp_diverse_influence,1,2,8,1574,1574,1561,31361,31348,2526913,1096,28,29
v1,mlp_diverse_influence,1,2,9,1574,1574,1560,31354,31340,2550723,1096,28,29
v1,mlp_diverse_influence,1,3,4,1574,1574,1566,31369,31361,2450420,1096,28,29
v1,mlp_diverse_influence,1,3,7,1574,1574,1563,31362,31351,2525107,1096,28,29
v1,mlp_diverse_influence,1,3,8,1574,1574,1561,31354,31341,2548774,1096,28,29
v1,mlp_diverse_influence,1,3,9,1574,1574,1560,31350,31336,2574170,1096,28,29
v1,mlp_diverse_influence,1,4,1,1573,1573,1565,31369,31361,2408284,1096,28,29
v1,mlp_diverse_influence,1,4,2,1573,1573,1566,31370,31363,2422859,1096,28,29
v1,mlp_diverse_influence,1,4,3,1573,1573,1565,31368,31360,2443936,1096,28,29
v1,mlp_diverse_influence,1,7,1,1573,1573,1564,31365,31356,2475166,1096,28,29
v1,mlp_diverse_influence,1,7,2,1574,1574,1563,31364,31353,2486478,1096,28,29
v1,mlp_diverse_influence,1,7,3,1573,1573,1562,31356,31346,2515214,1096,28,29
v1,mlp_diverse_influence,1,8,1,1574,1574,1564,31364,31355,2503252,1096,28,29
v1,mlp_diverse_influence,1,8,2,1574,1574,1564,31366,31356,2511600,1096,28,29
v1,mlp_diverse_influence,1,8,3,1573,1573,1562,31357,31346,2534154,1096,28,29
v1,mlp_diverse_influence,1,9,1,1573,1573,1563,31360,31350,2521721,1096,28,29
v1,mlp_diverse_influence,1,9,2,1573,1573,1562,31359,31348,2534976,1096,28,29
v1,mlp_diverse_influence,1,9,3,1573,1573,1561,31348,31336,2557005,1096,28,29
v1,mlp_diverse_influence,2,1,4,1421,1421,1411,28320,28310,2443645,1096,25,26
v1,mlp_diverse_influence,2,1,7,1421,1421,1411,28312,28302,2468983,1096,25,26
v1,mlp_diverse_influence,2,1,8,1422,1422,1411,28320,28309,2477966,1096,25,26
v1,mlp_diverse_influence,2,1,9,1421,1421,1410,28312,28302,2484603,1096,25,26
v1,mlp_diverse_influence,2,2,4,1421,1421,1411,28314,28304,2453018,1096,25,26
v1,mlp_diverse_influence,2,2,7,1422,1422,1410,28318,28306,2474363,1096,25,26
v1,mlp_diverse_influence,2,2,8,1421,1421,1411,28314,28304,2486802,1096,25,26
v1,mlp_diverse_influence,2,2,9,1422,1422,1410,28311,28299,2494572,1096,25,26
v1,mlp_diverse_influence,2,3,4,1422,1422,1411,28315,28304,2466913,1096,25,26
v1,mlp_diverse_influence,2,3,7,1421,1421,1411,28309,28299,2491962,1096,25,26
v1,mlp_diverse_influence,2,3,8,1421,1421,1411,28309,28299,2498040,1096,25,26
v1,mlp_diverse_influence,2,3,9,1421,1421,1411,28309,28299,2510627,1096,25,26
v1,mlp_diverse_influence,2,4,1,1421,1421,1411,28313,28303,2458328,1096,25,26
v1,mlp_diverse_influence,2,4,2,1421,1421,1411,28311,28302,2470497,1096,25,26
v1,mlp_diverse_influence,2,4,3,1421,1421,1411,28314,28306,2473593,1096,25,26
v1,mlp_diverse_influence,2,7,1,1422,1422,1410,28308,28296,2508017,1096,25,26
v1,mlp_diverse_influence,2,7,2,1421,1421,1410,28306,28295,2516969,1096,25,26
v1,mlp_diverse_influence,2,7,3,1421,1421,1410,28307,28296,2526055,1096,25,26
v1,mlp_diverse_influence,2,8,1,1422,1422,1411,28309,28298,2528233,1096,25,26
v1,mlp_diverse_influence,2,8,2,1421,1421,1411,28307,28297,2535934,1096,25,26
v1,mlp_diverse_influence,2,8,3,1421,1421,1410,28309,28298,2542306,1096,25,26
v1,mlp_diverse_influence,2,9,1,1421,1421,1410,28307,28296,2544370,1096,25,26
v1,mlp_diverse_influence,2,9,2,1421,1421,1410,28308,28297,2551053,1096,25,26
v1,mlp_diverse_influence,2,9,3,1421,1421,1410,28303,28292,2558591,1096,25,26
v1,mlp_diverse_influence,3,1,4,1388,1388,1377,27661,27650,2465793,1096,25,26
v1,mlp_diverse_influence,3,1,7,1388,1388,1376,27655,27644,2501397,1096,25,26
v1,mlp_diverse_influence,3,1,8,1388,1388,1376,27653,27641,2513018,1096,25,26
v1,mlp_diverse_influence,3,1,9,1387,1387,1376,27651,27641,2526029,1096,25,26
v1,mlp_diverse_influence,3,2,4,1388,1388,1377,27665,27654,2473166,1096,25,26
v1,mlp_diverse_influence,3,2,7,1388,1388,1377,27657,27647,2510195,1096,25,26
v1,mlp_diverse_influence,3,2,8,1388,1388,1376,27656,27644,2523950,1096,25,26
v1,mlp_diverse_influence,3,2,9,1388,1388,1377,27656,27645,2534581,1096,25,26
v1,mlp_diverse_influence,3,3,4,1388,1388,1377,27658,27647,2476785,1096,25,26
v1,mlp_diverse_influence,3,3,7,1387,1387,1376,27651,27640,2515400,1096,25,26
v1,mlp_diverse_influence,3,3,8,1388,1388,1376,27654,27642,2527766,1096,25,26
v1,mlp_diverse_influence,3,3,9,1388,1388,1376,27648,27638,2540492,1096,25,26
v1,mlp_diverse_influence,3,4,1,1388,1388,1379,27668,27659,2459291,1096,25,26
v1,mlp_diverse_influence,3,4,2,1387,1387,1377,27659,27649,2467151,1096,25,26
v1,mlp_diverse_influence,3,4,3,1388,1388,1378,27662,27653,2470826,1096,25,26
v1,mlp_diverse_influence,3,7,1,1388,1388,1379,27663,27654,2479288,1096,25,26
v1,mlp_diverse_influence,3,7,2,1387,1387,1377,27657,27647,2488306,1096,25,26
v1,mlp_diverse_influence,3,7,3,1388,1388,1379,27663,27654,2495596,1096,25,26
v1,mlp_diverse_influence,3,8,1,1388,1388,1379,27659,27650,2488418,1096,25,26
v1,mlp_diverse_influence,3,8,2,1388,1388,1376,27657,27645,2497022,1096,25,26
v1,mlp_diverse_influence,3,8,3,1388,1388,1378,27664,27654,2501481,1096,25,26
v1,mlp_diverse_influence,3,9,1,1388,1388,1379,27662,27653,2496323,1096,25,26
v1,mlp_diverse_influence,3,9,2,1388,1388,1376,27656,27644,2504507,1096,25,26
v1,mlp_diverse_influence,3,9,3,1388,1388,1378,27662,27652,2508659,1096,25,26
v1,mlp_diverse_influence,4,1,4,1375,1375,1365,27392,27382,2464837,1096,24,26
v1,mlp_diverse_influence,4,1,7,1375,1375,1365,27400,27390,2488409,1096,24,26
v1,mlp_diverse_influence,4,1,8,1375,1375,1365,27398,27388,2494956,1096,24,26
v1,mlp_diverse_influence,4,1,9,1375,1375,1364,27393,27382,2503182,1096,24,26
v1,mlp_diverse_influence,4,2,4,1375,1375,1364,27398,27388,2472120,1096,24,26
v1,mlp_diverse_influence,4,2,7,1375,1375,1364,27391,27380,2497047,1096,24,26
v1,mlp_diverse_influence,4,2,8,1375,1375,1364,27389,27378,2504228,1096,24,26
v1,mlp_diverse_influence,4,2,9,1375,1375,1364,27389,27378,2511111,1096,24,26
v1,mlp_diverse_influence,4,3,4,1375,1375,1364,27391,27380,2479140,1096,24,26
v1,mlp_diverse_influence,4,3,7,1375,1375,1364,27387,27376,2502717,1096,24,26
v1,mlp_diverse_influence,4,3,8,1375,1375,1364,27389,27378,2511398,1096,24,26
v1,mlp_diverse_influence,4,3,9,1375,1375,1364,27384,27373,2519900,1096,24,26
v1,mlp_diverse_influence,4,4,1,1375,1375,1364,27388,27377,2467090,1096,24,26
v1,mlp_diverse_influence,4,4,2,1375,1375,1364,27391,27380,2475523,1096,24,26
v1,mlp_diverse_influence,4,4,3,1375,1375,1365,27394,27384,2480609,1096,24,26
v1,mlp_diverse_influence,4,7,1,1374,1374,1364,27387,27377,2492706,1096,24,26
v1,mlp_diverse_influence,4,7,2,1374,1374,1364,27386,27376,2501334,1096,24,26
v1,mlp_diverse_influence,4,7,3,1375,1375,1365,27392,27383,2505160,1096,24,26
v1,mlp_diverse_influence,4,8,1,1375,1375,1364,27386,27375,2505013,1096,24,26
v1,mlp_diverse_influence,4,8,2,1375,1374,1364,27386,27376,2512002,1096,24,26
v1,mlp_diverse_influence,4,8,3,1375,1375,1364,27385,27374,2518449,1096,24,26
v1,mlp_diverse_influence,4,9,1,1375,1375,1364,27389,27379,2511822,1096,24,26
v1,mlp_diverse_influence,4,9,2,1374,1374,1364,27387,27377,2519331,1096,24,26
v1,mlp_diverse_influence,4,9,3,1375,1375,1364,27390,27379,2527356,1096,24,26
v1,mlp_diverse_influence,5,1,4,1626,1626,1617,32432,32424,2409829,1096,29,30
v1,mlp_diverse_influence,5,1,7,1626,1626,1616,32419,32409,2504551,1096,29,30
v1,mlp_diverse_influence,5,1,8,1626,1626,1615,32415,32404,2539092,1096,29,30
v1,mlp_diverse_influence,5,1,9,1626,1626,1615,32411,32400,2569475,1096,29,30
v1,mlp_diverse_influence,5,2,4,1626,1626,1617,32435,32426,2426807,1096,29,30
v1,mlp_diverse_influence,5,2,7,1627,1627,1617,32430,32420,2523266,1096,29,30
v1,mlp_diverse_influence,5,2,8,1626,1626,1615,32414,32403,2559570,1096,29,30
v1,mlp_diverse_influence,5,2,9,1627,1627,1614,32421,32408,2587639,1096,29,30
v1,mlp_diverse_influence,5,3,4,1626,1626,1616,32433,32424,2445581,1096,29,30
v1,mlp_diverse_influence,5,3,7,1626,1626,1615,32423,32412,2541823,1096,29,30
v1,mlp_diverse_influence,5,3,8,1626,1626,1615,32415,32404,2577175,1096,29,30
v1,mlp_diverse_influence,5,3,9,1626,1626,1615,32409,32398,2610392,1096,29,30
v1,mlp_diverse_influence,5,4,1,1626,1626,1617,32444,32435,2378628,1096,29,30
v1,mlp_diverse_influence,5,4,2,1626,1626,1617,32438,32429,2409568,1096,29,30
v1,mlp_diverse_influence,5,4,3,1626,1626,1618,32437,32429,2429076,1096,29,30
v1,mlp_diverse_influence,5,7,1,1627,1627,1616,32425,32414,2448222,1096,29,30
v1,mlp_diverse_influence,5,7,2,1627,1627,1616,32422,32411,2473380,1096,29,30
v1,mlp_diverse_influence,5,7,3,1626,1626,1616,32424,32414,2495328,1096,29,30
v1,mlp_diverse_influence,5,8,1,1627,1627,1616,32426,32416,2471142,1096,29,30
v1,mlp_diverse_influence,5,8,2,1627,1627,1615,32421,32409,2496252,1096,29,30
v1,mlp_diverse_influence,5,8,3,1627,1627,1615,32425,32413,2518170,1096,29,30
v1,mlp_diverse_influence,5,9,1,1627,1627,1616,32416,32405,2491260,1096,29,30
v1,mlp_diverse_influence,5,9,2,1627,1627,1614,32417,32405,2517891,1096,29,30
v1,mlp_diverse_influence,5,9,3,1626,1626,1614,32420,32408,2541323,1096,29,30
v1,rnn_single_influence,1,1,4,42470,42470,42214,847040,846788,59965440,1096,770,775
v1,rnn_single_influence,2,1,4,50589,50589,50333,1009272,1009020,59965440,1096,918,923
v1,rnn_single_influence,3,1,4,51217,51217,50961,1021836,1021585,59965440,1096,930,935
v1,rnn_single_influence,4,1,4,76907,76906,76651,1535850,1535604,59965440,1096,1398,1404
v1,rnn_single_influence,5,1,4,54613,54613,54357,1089812,1089564,59965440,1096,992,997
v1,rnn_diverse_noinfluence,1,1,4,1372,1372,1362,27333,27323,2465687,1096,24,26
v1,rnn_diverse_noinfluence,1,1,7,1373,1373,1362,27338,27328,2497035,1096,24,26
v1,rnn_diverse_noinfluence,1,1,8,1373,1373,1362,27338,27327,2504319,1096,24,26
v1,rnn_diverse_noinfluence,1,1,9,1372,1372,1362,27335,27325,2514772,1096,24,26
v1,rnn_diverse_noinfluence,1,2,4,1373,1373,1362,27344,27333,2471123,1096,24,26
v1,rnn_diverse_noinfluence,1,2,7,1373,1373,1362,27336,27325,2496690,1096,24,26
v1,rnn_diverse_noinfluence,1,2,8,1372,1372,1363,27338,27329,2509382,1096,24,26
v1,rnn_diverse_noinfluence,1,2,9,1372,1372,1362,27338,27328,2517434,1096,24,26
v1,rnn_diverse_noinfluence,1,3,4,1372,1372,1362,27339,27329,2477506,1096,24,26
v1,rnn_diverse_noinfluence,1,3,7,1373,1373,1361,27331,27319,2505731,1096,24,26
v1,rnn_diverse_noinfluence,1,3,8,1372,1372,1361,27336,27325,2514705,1096,24,26
v1,rnn_diverse_noinfluence,1,3,9,1373,1373,1361,27334,27322,2526048,1096,24,26
v1,rnn_diverse_noinfluence,1,4,1,1373,1373,1362,27339,27328,2459724,1096,24,26
v1,rnn_diverse_noinfluence,1,4,2,1373,1373,1362,27342,27331,2471910,1096,24,26
v1,rnn_diverse_noinfluence,1,4,3,1373,1373,1362,27334,27323,2476896,1096,24,26
v1,rnn_diverse_noinfluence,1,7,1,1372,1372,1362,27340,27330,2489814,1096,24,26
v1,rnn_diverse_noinfluence,1,7,2,1373,1373,1362,27335,27324,2496880,1096,24,26
v1,rnn_diverse_noinfluence,1,7,3,1373,1373,1362,27335,27324,2508160,1096,24,26
v1,rnn_diverse_noinfluence,1,8,1,1373,1373,1362,27333,27322,2498431,1096,24,26
v1,rnn_diverse_noinfluence,1,8,2,1372,1372,1362,27335,27325,2506889,1096,24,26
v1,rnn_diverse_noinfluence,1,8,3,1372,1372,1362,27331,27321,2510933,1096,24,26
v1,rnn_diverse_noinfluence,1,9,1,1372,1372,1362,27335,27325,2509293,1096,24,26
v1,rnn_diverse_noinfluence,1,9,2,1372,1372,1362,27332,27322,2514708,1096,24,26
v1,rnn_diverse_noinfluence,1,9,3,1373,1373,1361,27336,27324,2521370,1096,24,26
v1,rnn_diverse_noinfluence,2,1,4,1349,1349,1338,26910,26899,2468266,1096,24,25
v1,rnn_diverse_noinfluence,2,1,7,1348,1348,1339,26910,26901,2490406,1096,24,25
v1,rnn_diverse_noinfluence,2,1,8,1349,1349,1338,26903,26892,2494806,1096,24,25
v1,rnn_diverse_noinfluence,2,1,9,1349,1349,1338,26906,26895,2504063,1096,24,25
v1,rnn_diverse_noinfluence,2,2,4,1349,1349,1338,26908,26897,2474113,1096,24,25
v1,rnn_diverse_noinfluence,2,2,7,1348,1348,1338,26904,26894,2494564,1096,24,25
v1,rnn_diverse_noinfluence,2,2,8,1349,1349,1338,26904,26893,2506218,1096,24,25
v1,rnn_diverse_noinfluence,2,2,9,1349,1349,1338,26907,26896,2509739,1096,24,25
v1,rnn_diverse_noinfluence,2,3,4,1348,1348,1338,26910,26901,2482911,1096,24,25
v1,rnn_diverse_noinfluence,2,3,7,1349,1349,1337,26905,26893,2502697,1096,24,25
v1,rnn_diverse_noinfluence,2,3,8,1349,1349,1339,26904,26894,2511597,1096,24,25
v1,rnn_diverse_noinfluence,2,3,9,1349,1349,1338,26905,26894,2517947,1096,24,25
v1,rnn_diverse_noinfluence,2,4,1,1348,1348,1339,26909,26900,2472300,1096,24,25
v1,rnn_diverse_noinfluence,2,4,2,1348,1348,1338,26907,26897,2478541,1096,24,25
v1,rnn_diverse_noinfluence,2,4,3,1349,1349,1338,26913,26902,2485572,1096,24,25
v1,rnn_diverse_noinfluence,2,7,1,1349,1349,1338,26906,26896,2491860,1096,24,25
v1,rnn_diverse_noinfluence,2,7,2,1349,1349,1338,26908,26897,2499461,1096,24,25
v1,rnn_diverse_noinfluence,2,7,3,1348,1348,1338,26907,26897,2505508,1096,24,25
v1,rnn_diverse_noinfluence,2,8,1,1349,1349,1338,26908,26897,2504556,1096,24,25
v1,rnn_diverse_noinfluence,2,8,2,1349,1349,1338,26907,26896,2507953,1096,24,25
v1,rnn_diverse_noinfluence,2,8,3,1349,1349,1338,26908,26897,2515640,1096,24,25
v1,rnn_diverse_noinfluence,2,9,1,1349,1349,1338,26906,26896,2508471,1096,24,25
v1,rnn_diverse_noinfluence,2,9,2,1349,1349,1338,26907,26896,2515107,1096,24,25
v1,rnn_diverse_noinfluence,2,9,3,1348,1348,1337,26904,26893,2523144,1096,24,25
v1,rnn_diverse_noinfluence,3,1,4,1349,1349,1339,26878,26868,2468039,1096,24,25
v1,rnn_diverse_noinfluence,3,1,7,1349,1349,1339,26881,26871,2490553,1096,24,25
v1,rnn_diverse_noinfluence,3,1,8,1349,1349,1338,26875,26864,2495852,1096,24,25
v1,rnn_diverse_noinfluence,3,1,9,1349,1349,1338,26873,26862,2498907,1096,24,25
v1,rnn_diverse_noinfluence,3,2,4,1349,1349,1340,26879,26870,2472644,1096,24,25
v1,rnn_diverse_noinfluence,3,2,7,1349,1349,1339,26876,26866,2493114,1096,24,25
v1,rnn_diverse_noinfluence,3,2,8,1349,1349,1338,26876,26865,2501660,1096,24,25
v1,rnn_diverse_noinfluence,3,2,9,1349,1349,1338,26880,26869,2504008,1096,24,25
v1,rnn_diverse_noinfluence,3,3,4,1349,1349,1338,26875,26864,2483422,1096,24,25
v1,rnn_diverse_noinfluence,3,3,7,1349,1349,1338,26874,26863,2504067,1096,24,25
v1,rnn_diverse_noinfluence,3,3,8,1349,1349,1338,26876,26865,2513320,1096,24,25
v1,rnn_diverse_noinfluence,3,3,9,1350,1350,1338,26876,26864,2518216,1096,24,25
v1,rnn_diverse_noinfluence,3,4,1,1349,1349,1339,26880,26870,2469519,1096,24,25
v1,rnn_diverse_noinfluence,3,4,2,1349,1349,1338,26874,26863,2476440,1096,24,25
v1,rnn_diverse_noinfluence,3,4,3,1349,1349,1338,26879,26868,2481827,1096,24,25
v1,rnn_diverse_noinfluence,3,7,1,1349,1349,1339,26876,26866,2497854,1096,24,25
v1,rnn_diverse_noinfluence,3,7,2,1349,1349,1338,26877,26866,2504940,1096,24,25
v1,rnn_diverse_noinfluence,3,7,3,1349,1349,1338,26875,26864,2508539,1096,24,25
v1,rnn_diverse_noinfluence,3,8,1,1349,1349,1339,26876,26866,2506565,1096,24,25
v1,rnn_diverse_noinfluence,3,8,2,1349,1349,1338,26876,26865,2508464,1096,24,25
v1,rnn_diverse_noinfluence,3,8,3,1349,1349,1338,26872,26861,2513277,1096,24,25
v1,rnn_diverse_noinfluence,3,9,1,1349,1349,1339,26878,26868,2512185,1096,24,25
v1,rnn_diverse_noinfluence,3,9,2,1349,1349,1338,26878,26867,2517830,1096,24,25
v1,rnn_diverse_noinfluence,3,9,3,1349,1349,1338,26877,26866,2524198,1096,24,25
v1,rnn_diverse_noinfluence,4,1,4,1341,1341,1331,26722,26712,2475911,1096,24,25
v1,rnn_diverse_noinfluence,4,1,7,1342,1342,1331,26719,26709,2494739,1096,24,25
v1,rnn_diverse_noinfluence,4,1,8,1342,1342,1331,26718,26707,2499630,1096,24,25
v1,rnn_diverse_noinfluence,4,1,9,1341,1341,1331,26721,26711,2504913,1096,24,25
v1,rnn_diverse_noinfluence,4,2,4,1342,1342,1331,26718,26707,2481185,1096,24,25
v1,rnn_diverse_noinfluence,4,2,7,1341,1341,1331,26718,26708,2497190,1096,24,25
v1,rnn_diverse_noinfluence,4,2,8,1342,1342,1331,26719,26708,2502671,1096,24,25
v1,rnn_diverse_noinfluence,4,2,9,1342,1342,1331,26717,26706,2508961,1096,24,25
v1,rnn_diverse_noinfluence,4,3,4,1341,1341,1331,26717,26709,2485165,1096,24,25
v1,rnn_diverse_noinfluence,4,3,7,1341,1341,1331,26719,26710,2505853,1096,24,25
v1,rnn_diverse_noinfluence,4,3,8,1342,1342,1331,26718,26707,2511456,1096,24,25
v1,rnn_diverse_noinfluence,4,3,9,1342,1342,1331,26716,26706,2518598,1096,24,25
v1,rnn_diverse_noinfluence,4,4,1,1342,1342,1331,26721,26710,2466962,1096,24,25
v1,rnn_diverse_noinfluence,4,4,2,1341,1341,1331,26716,26707,2478188,1096,24,25
v1,rnn_diverse_noinfluence,4,4,3,1342,1342,1330,26721,26709,2483213,1096,24,25
v1,rnn_diverse_noinfluence,4,7,1,1342,1342,1331,26729,26719,2491391,1096,24,25
v1,rnn_diverse_noinfluence,4,7,2,1342,1342,1331,26725,26714,2497526,1096,24,25
v1,rnn_diverse_noinfluence,4,7,3,1342,1342,1331,26719,26708,2506878,1096,24,25
v1,rnn_diverse_noinfluence,4,8,1,1341,1341,1331,26725,26716,2498182,1096,24,25
v1,rnn_diverse_noinfluence,4,8,2,1341,1341,1331,26717,26707,2505679,1096,24,25
v1,rnn_diverse_noinfluence,4,8,3,1342,1342,1331,26718,26707,2513416,1096,24,25
v1,rnn_diverse_noinfluence,4,9,1,1342,1342,1331,26719,26708,2504428,1096,24,25
v1,rnn_diverse_noinfluence,4,9,2,1342,1342,1331,26720,26709,2512964,1096,24,25
v1,rnn_diverse_noinfluence,4,9,3,1342,1342,1332,26717,26707,2520341,1096,24,25
v1,rnn_diverse_noinfluence,5,1,4,1347,1347,1335,26828,26816,2471235,1096,24,25
v1,rnn_diverse_noinfluence,5,1,7,1347,1347,1335,26829,26817,2494615,1096,24,25
v1,rnn_diverse_noinfluence,5,1,8,1347,1347,1335,26826,26814,2496028,1096,24,25
v1,rnn_diverse_noinfluence,5,1,9,1346,1346,1337,26825,26816,2502946,1096,24,25
v1,rnn_diverse_noinfluence,5,2,4,1347,1347,1336,26831,26820,2478186,1096,24,25
v1,rnn_diverse_noinfluence,5,2,7,1346,1346,1335,26823,26812,2499785,1096,24,25
v1,rnn_diverse_noinfluence,5,2,8,1347,1347,1336,26828,26817,2507976,1096,24,25
v1,rnn_diverse_noinfluence,5,2,9,1347,1347,1336,26822,26813,2514534,1096,24,25
v1,rnn_diverse_noinfluence,5,3,4,1347,1347,1336,26827,26816,2481935,1096,24,25
v1,rnn_diverse_noinfluence,5,3,7,1346,1346,1335,26828,26817,2503112,1096,24,25
v1,rnn_diverse_noinfluence,5,3,8,1346,1346,1336,26825,26815,2511997,1096,24,25
v1,rnn_diverse_noinfluence,5,3,9,1346,1346,1336,26822,26812,2520357,1096,24,25
v1,rnn_diverse_noinfluence,5,4,1,1346,1346,1336,26832,26822,2471910,1096,24,25
v1,rnn_diverse_noinfluence,5,4,2,1346,1346,1336,26828,26818,2480365,1096,24,25
v1,rnn_diverse_noinfluence,5,4,3,1346,1346,1336,26827,26817,2483012,1096,24,25
v1,rnn_diverse_noinfluence,5,7,1,1347,1347,1337,26828,26818,2492893,1096,24,25
v1,rnn_diverse_noinfluence,5,7,2,1346,1346,1336,26830,26820,2500420,1096,24,25
v1,rnn_diverse_noinfluence,5,7,3,1346,1346,1336,26826,26816,2502765,1096,24,25
v1,rnn_diverse_noinfluence,5,8,1,1346,1346,1336,26830,26820,2499312,1096,24,25
v1,rnn_diverse_noinfluence,5,8,2,1347,1347,1336,26827,26816,2504539,1096,24,25
v1,rnn_diverse_noinfluence,5,8,3,1347,1347,1336,26822,26813,2510348,1096,24,25
v1,rnn_diverse_noinfluence,5,9,1,1347,1347,1336,26828,26817,2506360,1096,24,25
v1,rnn_diverse_noinfluence,5,9,2,1347,1347,1336,26827,26816,2512894,1096,24,25
v1,rnn_diverse_noinfluence,5,9,3,1346,1346,1335,26820,26809,2517916,1096,24,25
v2,rnn_diverse_influence,1,1,4,1281,1281,1271,25533,25523,2463488,1096,23,24
v2,rnn_diverse_influence,1,1,7,1282,1282,1270,25531,25519,2475248,1096,23,24
v2,rnn_diverse_influence,1,1,8,1281,1281,1271,25534,25524,2481033,1096,23,24
v2,rnn_diverse_influence,1,1,9,1281,1281,1270,25529,25518,2482752,1096,23,24
v2,rnn_diverse_influence,1,2,4,1281,1281,1271,25535,25525,2497519,1096,23,24
v2,rnn_diverse_influence,1,2,7,1281,1281,1271,25534,25524,2509129,1096,23,24
v2,rnn_diverse_influence,1,2,8,1281,1281,1270,25530,25519,2509146,1096,23,24
v2,rnn_diverse_influence,1,2,9,1281,1281,1271,25529,25519,2511579,1096,23,24
v2,rnn_diverse_influence,1,3,4,1282,1282,1270,25530,25518,2507123,1096,23,24
v2,rnn_diverse_influence,1,3,7,1282,1282,1271,25534,25523,2516728,1096,23,24
v2,rnn_diverse_influence,1,3,8,1282,1282,1271,25532,25521,2518869,1096,23,24
v2,rnn_diverse_influence,1,3,9,1282,1282,1271,25533,25523,2521858,1096,23,24
v2,rnn_diverse_influence,1,4,1,1281,1281,1271,25536,25526,2467495,1096,23,24
v2,rnn_diverse_influence,1,4,2,1282,1282,1271,25538,25528,2496607,1096,23,24
v2,rnn_diverse_influence,1,4,3,1282,1282,1271,25532,25521,2504776,1096,23,24
v2,rnn_diverse_influence,1,7,1,1281,1281,1271,25534,25524,2476963,1096,23,24
v2,rnn_diverse_influence,1,7,2,1281,1281,1272,25534,25525,2505516,1096,23,24
v2,rnn_diverse_influence,1,7,3,1282,1282,1271,25534,25523,2513759,1096,23,24
v2,rnn_diverse_influence,1,8,1,1282,1282,1271,25537,25527,2476515,1096,23,24
v2,rnn_diverse_influence,1,8,2,1282,1282,1271,25535,25524,2506862,1096,23,24
v2,rnn_diverse_influence,1,8,3,1282,1282,1271,25531,25520,2516436,1096,23,24
v2,rnn_diverse_influence,1,9,1,1282,1282,1271,25537,25526,2478166,1096,23,24
v2,rnn_diverse_influence,1,9,2,1282,1282,1272,25538,25528,2509052,1096,23,24
v2,rnn_diverse_influence,1,9,3,1282,1282,1271,25536,25525,2518821,1096,23,24
v2,rnn_diverse_influence,2,1,4,1280,1280,1269,25477,25466,2473391,1096,23,24
v2,rnn_diverse_influence,2,1,7,1280,1280,1269,25474,25463,2477778,1096,23,24
v2,rnn_diverse_influence,2,1,8,1280,1280,1269,25477,25466,2482681,1096,23,24
v2,rnn_diverse_influence,2,1,9,1280,1280,1270,25472,25462,2486954,1096,23,24
v2,rnn_diverse_influence,2,2,4,1280,1280,1269,25474,25464,2494071,1096,23,24
v2,rnn_diverse_influence,2,2,7,1280,1280,1269,25477,25466,2501777,1096,23,24
v2,rnn_diverse_influence,2,2,8,1280,1280,1270,25476,25466,2503889,1096,23,24
v2,rnn_diverse_influence,2,2,9,1280,1280,1269,25473,25462,2503416,1096,23,24
v2,rnn_diverse_influence,2,3,4,1280,1280,1269,25470,25459,2502501,1096,23,24
v2,rnn_diverse_influence,2,3,7,1280,1279,1270,25473,25464,2509834,1096,23,24
v2,rnn_diverse_influence,2,3,8,1279,1279,1269,25472,25463,2509390,1096,23,24
v2,rnn_diverse_influence,2,3,9,1280,1280,1269,25476,25465,2513811,1096,23,24
v2,rnn_diverse_influence,2,4,1,1280,1280,1269,25471,25460,2475315,1096,23,24
v2,rnn_diverse_influence,2,4,2,1280,1280,1269,25481,25470,2494078,1096,23,24
v2,rnn_diverse_influence,2,4,3,1280,1280,1270,25473,25463,2501111,1096,23,24
v2,rnn_diverse_influence,2,7,1,1280,1280,1269,25471,25460,2488794,1096,23,24
v2,rnn_diverse_influence,2,7,2,1280,1280,1270,25475,25465,2503636,1096,23,24
v2,rnn_diverse_influence,2,7,3,1280,1280,1269,25472,25461,2509448,1096,23,24
v2,rnn_diverse_influence,2,8,1,1280,1280,1269,25474,25463,2492700,1096,23,24
v2,rnn_diverse_influence,2,8,2,1280,1280,1269,25469,25459,2508880,1096,23,24
v2,rnn_diverse_influence,2,8,3,1279,1279,1269,25472,25462,2512771,1096,23,24
v2,rnn_diverse_influence,2,9,1,1280,1280,1269,25475,25464,2492970,1096,23,24
v2,rnn_diverse_influence,2,9,2,1280,1280,1269,25472,25461,2511345,1096,23,24
v2,rnn_diverse_influence,2,9,3,1280,1280,1270,25473,25463,2514899,1096,23,24
v2,rnn_diverse_influence,3,1,4,1295,1295,1285,25817,25807,2486532,1096,23,24
v2,rnn_diverse_influence,3,1,7,1296,1296,1284,25813,25801,2505437,1096,23,24
v2,rnn_diverse_influence,3,1,8,1295,1295,1284,25814,25804,2509132,1096,23,24
v2,rnn_diverse_influence,3,1,9,1296,1296,1285,25818,25807,2515278,1096,23,24
v2,rnn_diverse_influence,3,2,4,1296,1296,1285,25816,25805,2501472,1096,23,24
v2,rnn_diverse_influence,3,2,7,1295,1295,1285,25814,25804,2523936,1096,23,24
v2,rnn_diverse_influence,3,2,8,1295,1295,1285,25814,25804,2527863,1096,23,24
v2,rnn_diverse_influence,3,2,9,1295,1295,1285,25813,25803,2532658,1096,23,24
v2,rnn_diverse_influence,3,3,4,1296,1296,1285,25815,25804,2509862,1096,23,24
v2,rnn_diverse_influence,3,3,7,1295,1295,1285,25816,25806,2528255,1096,23,24
v2,rnn_diverse_influence,3,3,8,1295,1295,1284,25817,25806,2534646,1096,23,24
v2,rnn_diverse_influence,3,3,9,1295,1295,1284,25811,25800,2538642,1096,23,24
v2,rnn_diverse_influence,3,4,1,1295,1295,1285,25824,25814,2431786,1096,23,24
v2,rnn_diverse_influence,3,4,2,1295,1295,1284,25816,25805,2477058,1096,23,24
v2,rnn_diverse_influence,3,4,3,1295,1295,1284,25813,25802,2499709,1096,23,24
v2,rnn_diverse_influence,3,7,1,1295,1295,1284,25818,25807,2443456,1096,23,24
v2,rnn_diverse_influence,3,7,2,1295,1295,1285,25816,25806,2486622,1096,23,24
v2,rnn_diverse_influence,3,7,3,1296,1296,1285,25814,25803,2508126,1096,23,24
v2,rnn_diverse_influence,3,8,1,1296,1296,1285,25817,25806,2445486,1096,23,24
v2,rnn_diverse_influence,3,8,2,1295,1295,1285,25818,25808,2489871,1096,23,24
v2,rnn_diverse_influence,3,8,3,1295,1295,1285,25814,25804,2514131,1096,23,24
v2,rnn_diverse_influence,3,9,1,1295,1295,1285,25813,25803,2448633,1096,23,24
v2,rnn_diverse_influence,3,9,2,1296,1296,1285,25819,25808,2492742,1096,23,24
v2,rnn_diverse_influence,3,9,3,1296,1296,1284,25816,25804,2514107,1096,23,24
v2,rnn_diverse_influence,4,1,4,1368,1368,1358,27241,27231,2419372,1096,24,25
v2,rnn_diverse_influence,4,1,7,1368,1368,1357,27238,27228,2434329,1096,24,25
v2,rnn_diverse_influence,4,1,8,1368,1368,1357,27239,27229,2446333,1096,24,25
v2,rnn_diverse_influence,4,1,9,1368,1368,1357,27245,27234,2443234,1096,24,25
v2,rnn_diverse_influence,4,2,4,1368,1368,1358,27241,27231,2461638,1096,24,25
v2,rnn_diverse_influence,4,2,7,1368,1368,1357,27237,27226,2480450,1096,24,25
v2,rnn_diverse_influence,4,2,8,1368,1368,1357,27239,27228,2487941,1096,24,25
v2,rnn_diverse_influence,4,2,9,1368,1368,1357,27238,27227,2493801,1096,24,25
v2,rnn_diverse_influence,4,3,4,1368,1368,1357,27236,27225,2488616,1096,24,25
v2,rnn_diverse_influence,4,3,7,1367,1367,1357,27230,27221,2507160,1096,24,25
v2,rnn_diverse_influence,4,3,8,1368,1368,1357,27231,27220,2515166,1096,24,25
v2,rnn_diverse_influence,4,3,9,1368,1368,1357,27234,27223,2518963,1096,24,25
v2,rnn_diverse_influence,4,4,1,1367,1367,1357,27239,27229,2441736,1096,24,25
v2,rnn_diverse_influence,4,4,2,1368,1368,1358,27243,27233,2480307,1096,24,25
v2,rnn_diverse_influence,4,4,3,1367,1367,1357,27235,27225,2496889,1096,24,25
v2,rnn_diverse_influence,4,7,1,1368,1368,1357,27240,27229,2491197,1096,24,25
v2,rnn_diverse_influence,4,7,2,1367,1367,1357,27232,27222,2528964,1096,24,25
v2,rnn_diverse_influence,4,7,3,1368,1368,1357,27234,27223,2547581,1096,24,25
v2,rnn_diverse_influence,4,8,1,1367,1367,1357,27235,27225,2505001,1096,24,25
v2,rnn_diverse_influence,4,8,2,1368,1368,1357,27241,27231,2546161,1096,24,25
v2,rnn_diverse_influence,4,8,3,1367,1367,1357,27228,27218,2565468,1096,24,25
v2,rnn_diverse_influence,4,9,1,1368,1368,1356,27235,27224,2515285,1096,24,25
v2,rnn_diverse_influence,4,9,2,1368,1368,1357,27236,27225,2564731,1096,24,25
v2,rnn_diverse_influence,4,9,3,1368,1368,1357,27232,27221,2585117,1096,24,25
v2,rnn_diverse_influence,5,1,4,1281,1281,1270,25497,25486,2457021,1096,23,24
v2,rnn_diverse_influence,5,1,7,1280,1280,1270,25492,25482,2468062,1096,23,24
v2,rnn_diverse_influence,5,1,8,1281,1281,1270,25499,25489,2469817,1096,23,24
v2,rnn_diverse_influence,5,1,9,1281,1281,1270,25491,25480,2474639,1096,23,24
v2,rnn_diverse_influence,5,2,4,1281,1281,1270,25499,25488,2494137,1096,23,24
v2,rnn_diverse_influence,5,2,7,1280,1280,1270,25496,25486,2503994,1096,23,24
v2,rnn_diverse_influence,5,2,8,1280,1280,1270,25492,25482,2504558,1096,23,24
v2,rnn_diverse_influence,5,2,9,1280,1280,1270,25494,25484,2505051,1096,23,24
v2,rnn_diverse_influence,5,3,4,1281,1281,1270,25489,25478,2504435,1096,23,24
v2,rnn_diverse_influence,5,3,7,1281,1281,1270,25496,25485,2512700,1096,23,24
v2,rnn_diverse_influence,5,3,8,1281,1281,1270,25495,25484,2514759,1096,23,24
v2,rnn_diverse_influence,5,3,9,1281,1281,1269,25496,25484,2518242,1096,23,24
v2,rnn_diverse_influence,5,4,1,1280,1280,1270,25492,25482,2481174,1096,23,24
v2,rnn_diverse_influence,5,4,2,1281,1281,1271,25498,25488,2500890,1096,23,24
v2,rnn_diverse_influence,5,4,3,1280,1280,1270,25491,25481,2507189,1096,23,24
v2,rnn_diverse_influence,5,7,1,1280,1280,1270,25490,25480,2484396,1096,23,24
v2,rnn_diverse_influence,5,7,2,1281,1281,1270,25493,25482,2508995,1096,23,24
v2,rnn_diverse_influence,5,7,3,1281,1281,1270,25494,25483,2515298,1096,23,24
v2,rnn_diverse_influence,5,8,1,1281,1281,1270,25497,25486,2489911,1096,23,24
v2,rnn_diverse_influence,5,8,2,1281,1281,1269,25493,25481,2510790,1096,23,24
v2,rnn_diverse_influence,5,8,3,1280,1280,1270,25489,25479,2517639,1096,23,24
v2,rnn_diverse_influence,5,9,1,1281,1281,1270,25494,25483,2489165,1096,23,24
v2,rnn_diverse_influence,5,9,2,1280,1280,1270,25495,25485,2511498,1096,23,24
v2,rnn_diverse_influence,5,9,3,1281,1281,1270,25497,25486,2521080,1096,23,24
v2,mlp_diverse_influence,1,1,4,1259,1259,1248,25110,25099,2495650,1096,22,23
v2,mlp_diverse_influence,1,1,7,1259,1259,1248,25111,25101,2497470,1096,22,23
v2,mlp_diverse_influence,1,1,8,1259,1259,1248,25111,25100,2497220,1096,22,23
v2,mlp_diverse_influence,1,1,9,1258,1258,1248,25100,25090,2498226,1096,22,23
v2,mlp_diverse_influence,1,2,4,1259,1259,1248,25109,25098,2499637,1096,22,23
v2,mlp_diverse_influence,1,2,7,1259,1259,1248,25111,25100,2500895,1096,22,23
v2,mlp_diverse_influence,1,2,8,1258,1258,1248,25101,25091,2500477,1096,22,23
v2,mlp_diverse_influence,1,2,9,1258,1258,1248,25104,25094,2500895,1096,22,23
v2,mlp_diverse_influence,1,3,4,1258,1258,1248,25103,25093,2497983,1096,22,23
v2,mlp_diverse_influence,1,3,7,1259,1259,1248,25107,25096,2500852,1096,22,23
v2,mlp_diverse_influence,1,3,8,1259,1259,1248,25110,25099,2501755,1096,22,23
v2,mlp_diverse_influence,1,3,9,1259,1259,1248,25111,25100,2502131,1096,22,23
v2,mlp_diverse_influence,1,4,1,1259,1259,1248,25113,25102,2492327,1096,22,23
v2,mlp_diverse_influence,1,4,2,1259,1259,1248,25110,25099,2498137,1096,22,23
v2,mlp_diverse_influence,1,4,3,1259,1259,1248,25110,25100,2499805,1096,22,23
v2,mlp_diverse_influence,1,7,1,1259,1259,1248,25111,25100,2493912,1096,22,23
v2,mlp_diverse_influence,1,7,2,1258,1258,1248,25097,25088,2497769,1096,22,23
v2,mlp_diverse_influence,1,7,3,1259,1259,1248,25111,25100,2500299,1096,22,23
v2,mlp_diverse_influence,1,8,1,1258,1258,1248,25099,25090,2493994,1096,22,23
v2,mlp_diverse_influence,1,8,2,1258,1258,1248,25101,25091,2499234,1096,22,23
v2,mlp_diverse_influence,1,8,3,1259,1259,1248,25111,25100,2501572,1096,22,23
v2,mlp_diverse_influence,1,9,1,1259,1259,1248,25109,25098,2495284,1096,22,23
v2,mlp_diverse_influence,1,9,2,1258,1258,1248,25102,25092,2499101,1096,22,23
v2,mlp_diverse_influence,1,9,3,1259,1259,1248,25108,25097,2500815,1096,22,23
v2,mlp_diverse_influence,2,1,4,1269,1269,1259,25263,25253,2485476,1096,22,24
v2,mlp_diverse_influence,2,1,7,1270,1270,1259,25265,25254,2488614,1096,22,24
v2,mlp_diverse_influence,2,1,8,1269,1269,1259,25264,25254,2490253,1096,22,24
v2,mlp_diverse_influence,2,1,9,1270,1270,1258,25262,25252,2489771,1096,22,24
v2,mlp_diverse_influence,2,2,4,1269,1269,1259,25261,25252,2496148,1096,22,24
v2,mlp_diverse_influence,2,2,7,1269,1269,1259,25265,25255,2496876,1096,22,24
v2,mlp_diverse_influence,2,2,8,1269,1269,1258,25263,25253,2497803,1096,22,24
v2,mlp_diverse_influence,2,2,9,1269,1269,1258,25266,25255,2500137,1096,22,24
v2,mlp_diverse_influence,2,3,4,1269,1269,1258,25262,25252,2497501,1096,22,24
v2,mlp_diverse_influence,2,3,7,1270,1270,1259,25266,25256,2499964,1096,22,24
v2,mlp_diverse_influence,2,3,8,1269,1269,1259,25261,25251,2500681,1096,22,24
v2,mlp_diverse_influence,2,3,9,1269,1269,1259,25262,25252,2500942,1096,22,24
v2,mlp_diverse_influence,2,4,1,1269,1269,1259,25261,25251,2493731,1096,22,24
v2,mlp_diverse_influence,2,4,2,1269,1269,1259,25266,25256,2499245,1096,22,24
v2,mlp_diverse_influence,2,4,3,1270,1270,1259,25264,25253,2498637,1096,22,24
v2,mlp_diverse_influence,2,7,1,1269,1269,1259,25263,25253,2498199,1096,22,24
v2,mlp_diverse_influence,2,7,2,1270,1270,1258,25260,25248,2502267,1096,22,24
v2,mlp_diverse_influence,2,7,3,1269,1269,1259,25265,25255,2503479,1096,22,24
v2,mlp_diverse_influence,2,8,1,1269,1269,1258,25265,25254,2500121,1096,22,24
v2,mlp_diverse_influence,2,8,2,1269,1269,1258,25264,25253,2504406,1096,22,24
v2,mlp_diverse_influence,2,8,3,1270,1270,1259,25264,25253,2504912,1096,22,24
v2,mlp_diverse_influence,2,9,1,1270,1270,1259,25264,25253,2503088,1096,22,24
v2,mlp_diverse_influence,2,9,2,1269,1269,1258,25263,25252,2505857,1096,22,24
v2,mlp_diverse_influence,2,9,3,1270,1270,1259,25266,25255,2507332,1096,22,24
v2,mlp_diverse_influence,3,1,4,1268,1268,1257,25218,25207,2489852,1096,22,24
v2,mlp_diverse_influence,3,1,7,1268,1268,1258,25218,25208,2493951,1096,22,24
v2,mlp_diverse_influence,3,1,8,1268,1268,1258,25219,25209,2493120,1096,22,24
v2,mlp_diverse_influence,3,1,9,1268,1268,1257,25213,25202,2494609,1096,22,24
v2,mlp_diverse_influence,3,2,4,1268,1268,1258,25220,25210,2496554,1096,22,24
v2,mlp_diverse_influence,3,2,7,1268,1268,1258,25220,25210,2499438,1096,22,24
v2,mlp_diverse_influence,3,2,8,1268,1268,1257,25213,25202,2497155,1096,22,24
v2,mlp_diverse_influence,3,2,9,1268,1268,1257,25219,25208,2499622,1096,22,24
v2,mlp_diverse_influence,3,3,4,1268,1268,1257,25215,25204,2496792,1096,22,24
v2,mlp_diverse_influence,3,3,7,1268,1268,1257,25217,25206,2500557,1096,22,24
v2,mlp_diverse_influence,3,3,8,1268,1268,1257,25220,25209,2501589,1096,22,24
v2,mlp_diverse_influence,3,3,9,1268,1268,1257,25221,25210,2502058,1096,22,24
v2,mlp_diverse_influence,3,4,1,1268,1268,1257,25219,25208,2493792,1096,22,24
v2,mlp_diverse_influence,3,4,2,1268,1268,1257,25220,25209,2496947,1096,22,24
v2,mlp_diverse_influence,3,4,3,1268,1268,1258,25220,25210,2498357,1096,22,24
v2,mlp_diverse_influence,3,7,1,1268,1268,1257,25219,25208,2497036,1096,22,24
v2,mlp_diverse_influence,3,7,2,1268,1268,1257,25211,25200,2500430,1096,22,24
v2,mlp_diverse_influence,3,7,3,1268,1268,1257,25219,25208,2502917,1096,22,24
v2,mlp_diverse_influence,3,8,1,1268,1268,1258,25215,25205,2497026,1096,22,24
v2,mlp_diverse_influence,3,8,2,1268,1268,1257,25216,25205,2502036,1096,22,24
v2,mlp_diverse_influence,3,8,3,1268,1268,1258,25219,25209,2503948,1096,22,24
v2,mlp_diverse_influence,3,9,1,1268,1268,1257,25218,25207,2499845,1096,22,24
v2,mlp_diverse_influence,3,9,2,1268,1268,1258,25212,25202,2502728,1096,22,24
v2,mlp_diverse_influence,3,9,3,1268,1268,1257,25218,25207,2505081,1096,22,24
v2,mlp_diverse_influence,4,1,4,1264,1264,1254,25169,25159,2493216,1096,22,24
v2,mlp_diverse_influence,4,1,7,1264,1264,1253,25168,25157,2495774,1096,22,24
v2,mlp_diverse_influence,4,1,8,1264,1264,1252,25171,25159,2495064,1096,22,24
v2,mlp_diverse_influence,4,1,9,1264,1264,1252,25161,25149,2496127,1096,22,24
v2,mlp_diverse_influence,4,2,4,1263,1263,1253,25170,25160,2497849,1096,22,24
v2,mlp_diverse_influence,4,2,7,1264,1264,1252,25171,25159,2500508,1096,22,24
v2,mlp_diverse_influence,4,2,8,1264,1264,1253,25163,25152,2500055,1096,22,24
v2,mlp_diverse_influence,4,2,9,1264,1264,1253,25162,25151,2500621,1096,22,24
v2,mlp_diverse_influence,4,3,4,1264,1264,1254,25163,25153,2498522,1096,22,24
v2,mlp_diverse_influence,4,3,7,1264,1264,1253,25170,25159,2501428,1096,22,24
v2,mlp_diverse_influence,4,3,8,1264,1264,1253,25171,25160,2502073,1096,22,24
v2,mlp_diverse_influence,4,3,9,1264,1264,1253,25170,25159,2502455,1096,22,24
v2,mlp_diverse_influence,4,4,1,1264,1264,1254,25170,25160,2493504,1096,22,24
v2,mlp_diverse_influence,4,4,2,1264,1264,1253,25170,25159,2498002,1096,22,24
v2,mlp_diverse_influence,4,4,3,1264,1264,1253,25169,25158,2498395,1096,22,24
v2,mlp_diverse_influence,4,7,1,1264,1264,1254,25173,25163,2495583,1096,22,24
v2,mlp_diverse_influence,4,7,2,1264,1264,1253,25159,25148,2499490,1096,22,24
v2,mlp_diverse_influence,4,7,3,1264,1264,1254,25171,25161,2500771,1096,22,24
v2,mlp_diverse_influence,4,8,1,1263,1263,1254,25162,25153,2495546,1096,22,24
v2,mlp_diverse_influence,4,8,2,1264,1264,1254,25159,25149,2499707,1096,22,24
v2,mlp_diverse_influence,4,8,3,1264,1264,1252,25169,25157,2501495,1096,22,24
v2,mlp_diverse_influence,4,9,1,1264,1264,1254,25169,25159,2496842,1096,22,24
v2,mlp_diverse_influence,4,9,2,1264,1264,1253,25162,25151,2499705,1096,22,24
v2,mlp_diverse_influence,4,9,3,1263,1263,1254,25169,25160,2502708,1096,22,24
v2,mlp_diverse_influence,5,1,4,1261,1261,1250,25134,25124,2495414,1096,22,23
v2,mlp_diverse_influence,5,1,7,1260,1260,1250,25136,25126,2498900,1096,22,23
v2,mlp_diverse_influence,5,1,8,1261,1261,1249,25138,25127,2499101,1096,22,23
v2,mlp_diverse_influence,5,1,9,1260,1260,1250,25129,25119,2498638,1096,22,23
v2,mlp_diverse_influence,5,2,4,1261,1261,1249,25135,25123,2497334,1096,22,23
v2,mlp_diverse_influence,5,2,7,1260,1260,1250,25136,25126,2500254,1096,22,23
v2,mlp_diverse_influence,5,2,8,1261,1261,1250,25132,25122,2500363,1096,22,23
v2,mlp_diverse_influence,5,2,9,1261,1261,1250,25136,25125,2501445,1096,22,23
v2,mlp_diverse_influence,5,3,4,1260,1260,1250,25132,25122,2497076,1096,22,23
v2,mlp_diverse_influence,5,3,7,1261,1261,1250,25136,25126,2500872,1096,22,23
v2,mlp_diverse_influence,5,3,8,1260,1260,1250,25135,25125,2502033,1096,22,23
v2,mlp_diverse_influence,5,3,9,1261,1261,1250,25136,25126,2502938,1096,22,23
v2,mlp_diverse_influence,5,4,1,1261,1261,1250,25137,25126,2492933,1096,22,23
v2,mlp_diverse_influence,5,4,2,1261,1261,1250,25135,25124,2497343,1096,22,23
v2,mlp_diverse_influence,5,4,3,1260,1260,1250,25134,25124,2497922,1096,22,23
v2,mlp_diverse_influence,5,7,1,1261,1261,1250,25139,25128,2495379,1096,22,23
v2,mlp_diverse_influence,5,7,2,1261,1261,1250,25129,25118,2498158,1096,22,23
v2,mlp_diverse_influence,5,7,3,1260,1260,1250,25137,25127,2500452,1096,22,23
v2,mlp_diverse_influence,5,8,1,1260,1260,1250,25133,25123,2494420,1096,22,23
v2,mlp_diverse_influence,5,8,2,1261,1261,1250,25139,25128,2498834,1096,22,23
v2,mlp_diverse_influence,5,8,3,1260,1260,1250,25137,25127,2501138,1096,22,23
v2,mlp_diverse_influence,5,9,1,1261,1261,1250,25137,25126,2494473,1096,22,23
v2,mlp_diverse_influence,5,9,2,1260,1260,1250,25136,25126,2499231,1096,22,23
v2,mlp_diverse_influence,5,9,3,1261,1261,1250,25135,25124,2500789,1096,22,23
v2,rnn_single_influence,1,1,4,61886,61884,61630,1235239,1234990,59965440,1096,1125,1129
v2,rnn_single_influence,2,1,4,64561,64560,64305,1288735,1288487,59965440,1096,1173,1178
v2,rnn_single_influence,3,1,4,133751,133748,133495,2672505,2672271,59965440,1096,2436,2441
v2,rnn_single_influence,4,1,4,123567,123567,123311,2468811,2468568,59965440,1096,2250,2255
v2,rnn_single_influence,5,1,4,131416,131416,131160,2625889,2625649,59965440,1096,2393,2398
v2,rnn_diverse_noinfluence,1,1,4,1334,1334,1325,26596,26587,2465352,1096,24,25
v2,rnn_diverse_noinfluence,1,1,7,1335,1335,1325,26591,26581,2486700,1096,24,25
v2,rnn_diverse_noinfluence,1,1,8,1334,1334,1324,26588,26578,2491883,1096,24,25
v2,rnn_diverse_noinfluence,1,1,9,1335,1335,1324,26594,26583,2502516,1096,24,25
v2,rnn_diverse_noinfluence,1,2,4,1335,1335,1324,26596,26585,2478268,1096,24,25
v2,rnn_diverse_noinfluence,1,2,7,1335,1335,1324,26588,26577,2501738,1096,24,25
v2,rnn_diverse_noinfluence,1,2,8,1335,1335,1324,26593,26582,2506620,1096,24,25
v2,rnn_diverse_noinfluence,1,2,9,1335,1335,1324,26586,26575,2512711,1096,24,25
v2,rnn_diverse_noinfluence,1,3,4,1335,1335,1324,26597,26586,2487656,1096,24,25
v2,rnn_diverse_noinfluence,1,3,7,1335,1335,1324,26589,26578,2510488,1096,24,25
v2,rnn_diverse_noinfluence,1,3,8,1335,1335,1324,26590,26579,2509550,1096,24,25
v2,rnn_diverse_noinfluence,1,3,9,1335,1335,1325,26594,26584,2521258,1096,24,25
v2,rnn_diverse_noinfluence,1,4,1,1335,1335,1324,26594,26583,2471581,1096,24,25
v2,rnn_diverse_noinfluence,1,4,2,1335,1335,1324,26592,26581,2475447,1096,24,25
v2,rnn_diverse_noinfluence,1,4,3,1334,1334,1324,26594,26584,2484155,1096,24,25
v2,rnn_diverse_noinfluence,1,7,1,1334,1334,1324,26595,26585,2489276,1096,24,25
v2,rnn_diverse_noinfluence,1,7,2,1335,1335,1324,26592,26581,2497811,1096,24,25
v2,rnn_diverse_noinfluence,1,7,3,1335,1335,1324,26591,26580,2507749,1096,24,25
v2,rnn_diverse_noinfluence,1,8,1,1335,1335,1324,26594,26583,2496380,1096,24,25
v2,rnn_diverse_noinfluence,1,8,2,1335,1335,1324,26592,26581,2505972,1096,24,25
v2,rnn_diverse_noinfluence,1,8,3,1335,1335,1323,26597,26585,2516255,1096,24,25
v2,rnn_diverse_noinfluence,1,9,1,1334,1334,1323,26590,26579,2503784,1096,24,25
v2,rnn_diverse_noinfluence,1,9,2,1334,1334,1324,26588,26578,2517343,1096,24,25
v2,rnn_diverse_noinfluence,1,9,3,1334,1334,1324,26589,26579,2524947,1096,24,25
v2,rnn_diverse_noinfluence,2,1,4,1407,1407,1396,28044,28034,2443885,1096,25,26
v2,rnn_diverse_noinfluence,2,1,7,1407,1407,1397,28040,28030,2485125,1096,25,26
v2,rnn_diverse_noinfluence,2,1,8,1407,1407,1397,28031,28021,2497497,1096,25,26
v2,rnn_diverse_noinfluence,2,1,9,1407,1407,1395,28035,28023,2507034,1096,25,26
v2,rnn_diverse_noinfluence,2,2,4,1406,1406,1395,28038,28027,2459585,1096,25,26
v2,rnn_diverse_noinfluence,2,2,7,1407,1407,1397,28042,28032,2503975,1096,25,26
v2,rnn_diverse_noinfluence,2,2,8,1407,1407,1396,28033,28022,2511157,1096,25,26
v2,rnn_diverse_noinfluence,2,2,9,1407,1407,1396,28037,28026,2528452,1096,25,26
v2,rnn_diverse_noinfluence,2,3,4,1407,1407,1397,28036,28026,2468713,1096,25,26
v2,rnn_diverse_noinfluence,2,3,7,1407,1407,1397,28035,28025,2517274,1096,25,26
v2,rnn_diverse_noinfluence,2,3,8,1407,1407,1397,28035,28025,2524579,1096,25,26
v2,rnn_diverse_noinfluence,2,3,9,1407,1407,1397,28029,28019,2541816,1096,25,26
v2,rnn_diverse_noinfluence,2,4,1,1407,1407,1396,28041,28030,2445576,1096,25,26
v2,rnn_diverse_noinfluence,2,4,2,1407,1407,1396,28043,28032,2458478,1096,25,26
v2,rnn_diverse_noinfluence,2,4,3,1407,1407,1397,28037,28027,2473682,1096,25,26
v2,rnn_diverse_noinfluence,2,7,1,1407,1407,1395,28034,28022,2478699,1096,25,26
v2,rnn_diverse_noinfluence,2,7,2,1407,1407,1397,28039,28029,2497536,1096,25,26
v2,rnn_diverse_noinfluence,2,7,3,1407,1407,1396,28032,28021,2515284,1096,25,26
v2,rnn_diverse_noinfluence,2,8,1,1407,1407,1396,28030,28019,2494862,1096,25,26
v2,rnn_diverse_noinfluence,2,8,2,1407,1407,1396,28042,28031,2513808,1096,25,26
v2,rnn_diverse_noinfluence,2,8,3,1407,1407,1396,28036,28025,2525511,1096,25,26
v2,rnn_diverse_noinfluence,2,9,1,1407,1407,1397,28030,28020,2507461,1096,25,26
v2,rnn_diverse_noinfluence,2,9,2,1407,1407,1397,28035,28025,2523944,1096,25,26
v2,rnn_diverse_noinfluence,2,9,3,1407,1407,1395,28037,28026,2541507,1096,25,26
v2,rnn_diverse_noinfluence,3,1,4,2291,2291,2283,45744,45736,2150384,1096,41,42
v2,rnn_diverse_noinfluence,3,1,7,2291,2291,2282,45736,45727,2424875,1096,41,42
v2,rnn_diverse_noinfluence,3,1,8,2291,2291,2281,45722,45713,2505323,1096,41,42
v2,rnn_diverse_noinfluence,3,1,9,2291,2291,2279,45720,45708,2582288,1096,41,42
v2,rnn_diverse_noinfluence,3,2,4,2291,2291,2283,45742,45734,2238853,1096,41,42
v2,rnn_diverse_noinfluence,3,2,7,2291,2291,2280,45719,45708,2492501,1096,41,42
v2,rnn_diverse_noinfluence,3,2,8,2291,2291,2281,45723,45713,2591654,1096,41,42
v2,rnn_diverse_noinfluence,3,2,9,2292,2292,2279,45711,45698,2675496,1096,41,42
v2,rnn_diverse_noinfluence,3,3,4,2292,2292,2282,45737,45727,2319521,1096,41,42
v2,rnn_diverse_noinfluence,3,3,7,2291,2291,2280,45720,45709,2584133,1096,41,42
v2,rnn_diverse_noinfluence,3,3,8,2292,2292,2280,45711,45699,2673007,1096,41,42
v2,rnn_diverse_noinfluence,3,3,9,2292,2292,2278,45704,45690,2751708,1096,41,42
v2,rnn_diverse_noinfluence,3,4,1,2292,2292,2282,45732,45722,2155312,1096,41,42
v2,rnn_diverse_noinfluence,3,4,2,2292,2292,2283,45735,45728,2229683,1096,41,42
v2,rnn_diverse_noinfluence,3,4,3,2292,2292,2282,45736,45726,2312037,1096,41,42
v2,rnn_diverse_noinfluence,3,7,1,2292,2292,2282,45725,45716,2413933,1096,41,42
v2,rnn_diverse_noinfluence,3,7,2,2291,2291,2282,45720,45712,2498765,1096,41,42
v2,rnn_diverse_noinfluence,3,7,3,2292,2292,2280,45715,45704,2584970,1096,41,42
v2,rnn_diverse_noinfluence,3,8,1,2292,2292,2280,45723,45712,2508178,1096,41,42
v2,rnn_diverse_noinfluence,3,8,2,2292,2292,2280,45721,45710,2582515,1096,41,42
v2,rnn_diverse_noinfluence,3,8,3,2292,2292,2280,45715,45706,2668933,1096,41,42
v2,rnn_diverse_noinfluence,3,9,1,2291,2291,2281,45721,45712,2588753,1096,41,42
v2,rnn_diverse_noinfluence,3,9,2,2291,2291,2280,45701,45690,2673972,1096,41,42
v2,rnn_diverse_noinfluence,3,9,3,2291,2291,2280,45700,45689,2758646,1096,41,42
v2,rnn_diverse_noinfluence,4,1,4,1365,1365,1355,27194,27184,2450063,1096,24,25
v2,rnn_diverse_noinfluence,4,1,7,1365,1365,1354,27188,27177,2489060,1096,24,25
v2,rnn_diverse_noinfluence,4,1,8,1365,1365,1355,27194,27184,2495265,1096,24,25
v2,rnn_diverse_noinfluence,4,1,9,1365,1365,1355,27191,27181,2502232,1096,24,25
v2,rnn_diverse_noinfluence,4,2,4,1365,1365,1355,27194,27184,2470439,1096,24,25
v2,rnn_diverse_noinfluence,4,2,7,1365,1365,1356,27193,27185,2496831,1096,24,25
v2,rnn_diverse_noinfluence,4,2,8,1365,1365,1354,27192,27181,2506751,1096,24,25
v2,rnn_diverse_noinfluence,4,2,9,1365,1365,1354,27185,27174,2516099,1096,24,25
v2,rnn_diverse_noinfluence,4,3,4,1365,1365,1356,27191,27182,2477345,1096,24,25
v2,rnn_diverse_noinfluence,4,3,7,1365,1365,1353,27184,27172,2511038,1096,24,25
v2,rnn_diverse_noinfluence,4,3,8,1365,1365,1354,27185,27174,2523499,1096,24,25
v2,rnn_diverse_noinfluence,4,3,9,1365,1365,1354,27191,27180,2533884,1096,24,25
v2,rnn_diverse_noinfluence,4,4,1,1365,1365,1355,27190,27180,2457113,1096,24,25
v2,rnn_diverse_noinfluence,4,4,2,1365,1365,1354,27187,27177,2466468,1096,24,25
v2,rnn_diverse_noinfluence,4,4,3,1365,1365,1354,27190,27179,2481513,1096,24,25
v2,rnn_diverse_noinfluence,4,7,1,1365,1365,1353,27191,27179,2485456,1096,24,25
v2,rnn_diverse_noinfluence,4,7,2,1365,1365,1354,27196,27185,2500514,1096,24,25
v2,rnn_diverse_noinfluence,4,7,3,1365,1365,1355,27196,27186,2512637,1096,24,25
v2,rnn_diverse_noinfluence,4,8,1,1365,1365,1355,27196,27186,2499672,1096,24,25
v2,rnn_diverse_noinfluence,4,8,2,1365,1365,1353,27195,27183,2508568,1096,24,25
v2,rnn_diverse_noinfluence,4,8,3,1365,1365,1353,27189,27177,2523071,1096,24,25
v2,rnn_diverse_noinfluence,4,9,1,1365,1365,1355,27190,27180,2508148,1096,24,25
v2,rnn_diverse_noinfluence,4,9,2,1365,1365,1354,27190,27179,2518718,1096,24,25
v2,rnn_diverse_noinfluence,4,9,3,1365,1365,1354,27193,27182,2531056,1096,24,25
v2,rnn_diverse_noinfluence,5,1,4,2031,2031,2022,40523,40515,2235100,1096,36,38
v2,rnn_diverse_noinfluence,5,1,7,2030,2030,2020,40504,40495,2426109,1096,36,38
v2,rnn_diverse_noinfluence,5,1,8,2030,2030,2020,40508,40498,2502534,1096,36,38
v2,rnn_diverse_noinfluence,5,1,9,2030,2030,2019,40505,40496,2556230,1096,36,38
v2,rnn_diverse_noinfluence,5,2,4,2031,2031,2022,40524,40515,2293710,1096,36,38
v2,rnn_diverse_noinfluence,5,2,7,2030,2030,2020,40512,40503,2495325,1096,36,38
v2,rnn_diverse_noinfluence,5,2,8,2030,2030,2019,40495,40484,2561390,1096,36,38
v2,rnn_diverse_noinfluence,5,2,9,2030,2030,2020,40484,40474,2615823,1096,36,38
v2,rnn_diverse_noinfluence,5,3,4,2030,2030,2020,40521,40511,2365532,1096,36,38
v2,rnn_diverse_noinfluence,5,3,7,2030,2030,2019,40497,40487,2557950,1096,36,38
v2,rnn_diverse_noinfluence,5,3,8,2031,2031,2019,40495,40483,2627078,1096,36,38
v2,rnn_diverse_noinfluence,5,3,9,2030,2030,2019,40487,40476,2695180,1096,36,38
v2,rnn_diverse_noinfluence,5,4,1,2030,2030,2022,40529,40521,2236414,1096,36,38
v2,rnn_diverse_noinfluence,5,4,2,2030,2030,2021,40521,40512,2300893,1096,36,38
v2,rnn_diverse_noinfluence,5,4,3,2031,2031,2021,40516,40507,2360041,1096,36,38
v2,rnn_diverse_noinfluence,5,7,1,2031,2031,2020,40512,40502,2444739,1096,36,38
v2,rnn_diverse_noinfluence,5,7,2,2031,2031,2019,40502,40490,2503409,1096,36,38
v2,rnn_diverse_noinfluence,5,7,3,2030,2030,2019,40508,40497,2573680,1096,36,38
v2,rnn_diverse_noinfluence,5,8,1,2030,2030,2019,40498,40487,2506434,1096,36,38
v2,rnn_diverse_noinfluence,5,8,2,2031,2031,2018,40482,40469,2564298,1096,36,38
v2,rnn_diverse_noinfluence,5,8,3,2030,2030,2019,40493,40482,2637477,1096,36,38
v2,rnn_diverse_noinfluence,5,9,1,2030,2030,2020,40494,40484,2565997,1096,36,38
v2,rnn_diverse_noinfluence,5,9,2,2031,2031,2019,40492,40481,2642677,1096,36,38
v2,rnn_diverse_noinfluence,5,9,3,2031,2031,2017,40484,40470,2697420,1096,36,38
