version,condition,seed,allocated_episodes,allocated_episodes_per_profile_min,allocated_episodes_per_profile_max,started_episodes_per_profile_min,started_episodes_per_profile_max,completed_episodes,rounds_started,rounds_completed,started_rounds_per_profile_min,started_rounds_per_profile_max,completed_rounds_per_profile_min,completed_rounds_per_profile_max,environment_steps_per_profile_min,environment_steps_per_profile_max,environment_steps,unique_layouts_per_profile_min,profile_layout_started_count_min,profile_layout_started_count_max,completed_round_count_difference_between_profiles,largest_difference_between_profiles_on_any_layout,unfinished_rounds,verification,source
v1,rnn_diverse_influence,1,34002,1416,1417,1416,1417,33746,677502,677250,28219,28236,28208,28226,2441817,2539183,59965440,1096,25,26,18,1,2790,exact match to schedule prefix after subtracting active unfinished episodes,/juice6/u/jshe/emergent_partner_grid/train/train_logs/v1_balanced_training/counterbalanced1096_20261004_212351_greedy_action_selection/rnn_diverse_influence_seed1_sampling_audit.json
v1,rnn_diverse_influence,2,32770,1365,1366,1365,1366,32514,652752,652500,27192,27206,27182,27198,2460797,2536549,59965440,1096,24,25,16,1,2900,exact match to schedule prefix after subtracting active unfinished episodes,/juice6/u/jshe/emergent_partner_grid/train/train_logs/v1_balanced_training/counterbalanced1096_20261004_212351_greedy_action_selection/rnn_diverse_influence_seed2_sampling_audit.json
v1,rnn_diverse_influence,3,32482,1353,1354,1353,1354,32226,647107,646853,26956,26969,26946,26958,2462198,2528730,59965440,1096,24,25,12,1,2787,exact match to schedule prefix after subtracting active unfinished episodes,/juice6/u/jshe/emergent_partner_grid/train/train_logs/v1_balanced_training/counterbalanced1096_20261004_212351_greedy_action_selection/rnn_diverse_influence_seed3_sampling_audit.json
v1,rnn_diverse_influence,4,33334,1388,1389,1388,1389,33078,663383,663127,27634,27652,27622,27642,2450734,2569471,59965440,1096,25,26,20,1,3553,exact match to schedule prefix after subtracting active unfinished episodes,/juice6/u/jshe/emergent_partner_grid/train/train_logs/v1_balanced_training/counterbalanced1096_20261004_212351_greedy_action_selection/rnn_diverse_influence_seed4_sampling_audit.json
v1,rnn_diverse_influence,5,32924,1371,1372,1371,1372,32668,656708,656454,27352,27371,27340,27361,2460658,2547258,59965440,1096,24,26,21,1,2026,exact match to schedule prefix after subtracting active unfinished episodes,/juice6/u/jshe/emergent_partner_grid/train/train_logs/v1_balanced_training/counterbalanced1096_20261004_212351_greedy_action_selection/rnn_diverse_influence_seed5_sampling_audit.json
v1,mlp_diverse_influence,1,37766,1573,1574,1573,1574,37510,752682,752429,31348,31371,31336,31363,2408284,2574170,59965440,1096,28,29,27,1,2891,exact match to schedule prefix after subtracting active unfinished episodes,/juice6/u/jshe/emergent_partner_grid/train/train_logs/v1_balanced_training/counterbalanced1096_20261004_212351_greedy_action_selection/mlp_diverse_influence_seed1_sampling_audit.json
v1,mlp_diverse_influence,2,34110,1421,1422,1421,1422,33854,679465,679213,28303,28320,28292,28310,2443645,2558591,59965440,1096,25,26,18,1,2987,exact match to schedule prefix after subtracting active unfinished episodes,/juice6/u/jshe/emergent_partner_grid/train/train_logs/v1_balanced_training/counterbalanced1096_20261004_212351_greedy_action_selection/mlp_diverse_influence_seed2_sampling_audit.json
v1,mlp_diverse_influence,3,33308,1387,1388,1387,1388,33052,663797,663547,27648,27668,27638,27659,2459291,2540492,59965440,1096,25,26,21,1,2613,exact match to schedule prefix after subtracting active unfinished episodes,/juice6/u/jshe/emergent_partner_grid/train/train_logs/v1_balanced_training/counterbalanced1096_20261004_212351_greedy_action_selection/mlp_diverse_influence_seed3_sampling_audit.json
v1,mlp_diverse_influence,4,32997,1374,1375,1374,1375,32741,657362,657110,27384,27400,27373,27390,2464837,2527356,59965440,1096,24,26,17,1,2830,exact match to schedule prefix after subtracting active unfinished episodes,/juice6/u/jshe/emergent_partner_grid/train/train_logs/v1_balanced_training/counterbalanced1096_20261004_212351_greedy_action_selection/mlp_diverse_influence_seed4_sampling_audit.json
v1,mlp_diverse_influence,5,39033,1626,1627,1626,1627,38777,778172,777920,32409,32444,32398,32435,2378628,2610392,59965440,1096,29,30,37,1,2740,exact match to schedule prefix after subtracting active unfinished episodes,/juice6/u/jshe/emergent_partner_grid/train/train_logs/v1_balanced_training/counterbalanced1096_20261004_212351_greedy_action_selection/mlp_diverse_influence_seed5_sampling_audit.json
v1,rnn_single_influence,1,42470,42470,42470,42470,42470,42214,847040,846788,847040,847040,846788,846788,59965440,59965440,59965440,1096,770,775,0,0,2612,exact match to schedule prefix after subtracting active unfinished episodes,/juice6/u/jshe/emergent_partner_grid/train/train_logs/v1_balanced_training/counterbalanced1096_20261004_212351_greedy_action_selection/rnn_single_influence_seed1_sampling_audit.json
v1,rnn_single_influence,2,50589,50589,50589,50589,50589,50333,1009272,1009020,1009272,1009272,1009020,1009020,59965440,59965440,59965440,1096,918,923,0,0,2760,exact match to schedule prefix after subtracting active unfinished episodes,/juice6/u/jshe/emergent_partner_grid/train/train_logs/v1_balanced_training/counterbalanced1096_20261004_212351_greedy_action_selection/rnn_single_influence_seed2_sampling_audit.json
v1,rnn_single_influence,3,51217,51217,51217,51217,51217,50961,1021836,1021585,1021836,1021836,1021585,1021585,59965440,59965440,59965440,1096,930,935,0,0,2755,exact match to schedule prefix after subtracting active unfinished episodes,/juice6/u/jshe/emergent_partner_grid/train/train_logs/v1_balanced_training/counterbalanced1096_20261004_212351_greedy_action_selection/rnn_single_influence_seed3_sampling_audit.json
v1,rnn_single_influence,4,76907,76907,76907,76906,76906,76651,1535850,1535604,1535850,1535850,1535604,1535604,59965440,59965440,59965440,1096,1398,1404,0,0,2536,exact match to schedule prefix after subtracting active unfinished episodes,/juice6/u/jshe/emergent_partner_grid/train/train_logs/v1_balanced_training/counterbalanced1096_20261004_212351_greedy_action_selection/rnn_single_influence_seed4_sampling_audit.json
v1,rnn_single_influence,5,54613,54613,54613,54613,54613,54357,1089812,1089564,1089812,1089812,1089564,1089564,59965440,59965440,59965440,1096,992,997,0,0,2696,exact match to schedule prefix after subtracting active unfinished episodes,/juice6/u/jshe/emergent_partner_grid/train/train_logs/v1_balanced_training/counterbalanced1096_20261004_212351_greedy_action_selection/rnn_single_influence_seed5_sampling_audit.json
v1,rnn_diverse_noinfluence,1,32941,1372,1373,1372,1373,32685,656067,655812,27331,27344,27319,27333,2459724,2526048,59965440,1096,24,26,14,1,3008,exact match to schedule prefix after subtracting active unfinished episodes,/juice6/u/jshe/emergent_partner_grid/train/train_logs/v1_balanced_training/counterbalanced1096_20261004_212351_greedy_action_selection/rnn_diverse_noinfluence_seed1_sampling_audit.json
v1,rnn_diverse_noinfluence,2,32369,1348,1349,1348,1349,32113,645766,645513,26903,26913,26892,26902,2468266,2523144,59965440,1096,24,25,10,1,1867,exact match to schedule prefix after subtracting active unfinished episodes,/juice6/u/jshe/emergent_partner_grid/train/train_logs/v1_balanced_training/counterbalanced1096_20261004_212351_greedy_action_selection/rnn_diverse_noinfluence_seed2_sampling_audit.json
v1,rnn_diverse_noinfluence,3,32377,1349,1350,1349,1350,32121,645037,644781,26872,26881,26861,26871,2468039,2524198,59965440,1096,24,25,10,1,2759,exact match to schedule prefix after subtracting active unfinished episodes,/juice6/u/jshe/emergent_partner_grid/train/train_logs/v1_balanced_training/counterbalanced1096_20261004_212351_greedy_action_selection/rnn_diverse_noinfluence_seed3_sampling_audit.json
v1,rnn_diverse_noinfluence,4,32200,1341,1342,1341,1342,31944,641269,641021,26716,26729,26706,26719,2466962,2520341,59965440,1096,24,25,13,1,2979,exact match to schedule prefix after subtracting active unfinished episodes,/juice6/u/jshe/emergent_partner_grid/train/train_logs/v1_balanced_training/counterbalanced1096_20261004_212351_greedy_action_selection/rnn_diverse_noinfluence_seed4_sampling_audit.json
v1,rnn_diverse_noinfluence,5,32316,1346,1347,1346,1347,32060,643839,643587,26820,26832,26809,26822,2471235,2520357,59965440,1096,24,25,13,1,2733,exact match to schedule prefix after subtracting active unfinished episodes,/juice6/u/jshe/emergent_partner_grid/train/train_logs/v1_balanced_training/counterbalanced1096_20261004_212351_greedy_action_selection/rnn_diverse_noinfluence_seed5_sampling_audit.json
v2,rnn_diverse_influence,1,30758,1281,1282,1281,1282,30502,612806,612553,25529,25538,25518,25528,2463488,2521858,59965440,1096,23,24,10,1,2607,exact match to schedule prefix after subtracting active unfinished episodes,/juice6/u/jshe/emergent_partner_grid/train/train_logs/v2_balanced_training/counterbalanced1096_20261004_212351_greedy_action_selection/rnn_diverse_influence_seed1_sampling_audit.json
v2,rnn_diverse_influence,2,30718,1279,1280,1279,1280,30462,611369,611117,25469,25481,25459,25470,2473391,2514899,59965440,1096,23,24,11,1,3243,exact match to schedule prefix after subtracting active unfinished episodes,/juice6/u/jshe/emergent_partner_grid/train/train_logs/v2_balanced_training/counterbalanced1096_20261004_212351_greedy_action_selection/rnn_diverse_influence_seed2_sampling_audit.json
v2,rnn_diverse_influence,3,31088,1295,1296,1295,1296,30832,619576,619321,25811,25824,25800,25814,2431786,2538642,59965440,1096,23,24,14,1,2439,exact match to schedule prefix after subtracting active unfinished episodes,/juice6/u/jshe/emergent_partner_grid/train/train_logs/v2_balanced_training/counterbalanced1096_20261004_212351_greedy_action_selection/rnn_diverse_influence_seed3_sampling_audit.json
v2,rnn_diverse_influence,4,32826,1367,1368,1367,1368,32570,653679,653428,27228,27245,27218,27234,2419372,2585117,59965440,1096,24,25,16,1,3092,exact match to schedule prefix after subtracting active unfinished episodes,/juice6/u/jshe/emergent_partner_grid/train/train_logs/v2_balanced_training/counterbalanced1096_20261004_212351_greedy_action_selection/rnn_diverse_influence_seed4_sampling_audit.json
v2,rnn_diverse_influence,5,30735,1280,1281,1280,1281,30479,611859,611604,25489,25499,25478,25489,2457021,2521080,59965440,1096,23,24,11,1,3096,exact match to schedule prefix after subtracting active unfinished episodes,/juice6/u/jshe/emergent_partner_grid/train/train_logs/v2_balanced_training/counterbalanced1096_20261004_212351_greedy_action_selection/rnn_diverse_influence_seed5_sampling_audit.json
v2,mlp_diverse_influence,1,30208,1258,1259,1258,1259,29952,602570,602318,25097,25113,25088,25102,2492327,2502131,59965440,1096,22,23,14,1,1842,exact match to schedule prefix after subtracting active unfinished episodes,/juice6/u/jshe/emergent_partner_grid/train/train_logs/v2_balanced_training/counterbalanced1096_20261004_212351_greedy_action_selection/mlp_diverse_influence_seed1_sampling_audit.json
v2,mlp_diverse_influence,2,30464,1269,1270,1269,1270,30208,606325,606075,25260,25266,25248,25256,2485476,2507332,59965440,1096,22,24,8,1,3205,exact match to schedule prefix after subtracting active unfinished episodes,/juice6/u/jshe/emergent_partner_grid/train/train_logs/v2_balanced_training/counterbalanced1096_20261004_212351_greedy_action_selection/mlp_diverse_influence_seed2_sampling_audit.json
v2,mlp_diverse_influence,3,30432,1268,1268,1268,1268,30176,605219,604963,25211,25221,25200,25210,2489852,2505081,59965440,1096,22,24,10,1,3677,exact match to schedule prefix after subtracting active unfinished episodes,/juice6/u/jshe/emergent_partner_grid/train/train_logs/v2_balanced_training/counterbalanced1096_20261004_212351_greedy_action_selection/mlp_diverse_influence_seed3_sampling_audit.json
v2,mlp_diverse_influence,4,30333,1263,1264,1263,1264,30077,604011,603755,25159,25173,25148,25163,2493216,2502708,59965440,1096,22,24,15,1,2905,exact match to schedule prefix after subtracting active unfinished episodes,/juice6/u/jshe/emergent_partner_grid/train/train_logs/v2_balanced_training/counterbalanced1096_20261004_212351_greedy_action_selection/mlp_diverse_influence_seed4_sampling_audit.json
v2,mlp_diverse_influence,5,30254,1260,1261,1260,1261,29998,603243,602992,25129,25139,25118,25128,2492933,2502938,59965440,1096,22,23,10,1,2088,exact match to schedule prefix after subtracting active unfinished episodes,/juice6/u/jshe/emergent_partner_grid/train/train_logs/v2_balanced_training/counterbalanced1096_20261004_212351_greedy_action_selection/mlp_diverse_influence_seed5_sampling_audit.json
v2,rnn_single_influence,1,61886,61886,61886,61884,61884,61630,1235239,1234990,1235239,1235239,1234990,1234990,59965440,59965440,59965440,1096,1125,1129,0,0,2730,exact match to schedule prefix after subtracting active unfinished episodes,/juice6/u/jshe/emergent_partner_grid/train/train_logs/v2_balanced_training/counterbalanced1096_20261004_212351_greedy_action_selection/rnn_single_influence_seed1_sampling_audit.json
v2,rnn_single_influence,2,64561,64561,64561,64560,64560,64305,1288735,1288487,1288735,1288735,1288487,1288487,59965440,59965440,59965440,1096,1173,1178,0,0,2733,exact match to schedule prefix after subtracting active unfinished episodes,/juice6/u/jshe/emergent_partner_grid/train/train_logs/v2_balanced_training/counterbalanced1096_20261004_212351_greedy_action_selection/rnn_single_influence_seed2_sampling_audit.json
v2,rnn_single_influence,3,133751,133751,133751,133748,133748,133495,2672505,2672271,2672505,2672505,2672271,2672271,59965440,59965440,59965440,1096,2436,2441,0,0,2749,exact match to schedule prefix after subtracting active unfinished episodes,/juice6/u/jshe/emergent_partner_grid/train/train_logs/v2_balanced_training/counterbalanced1096_20261004_212351_greedy_action_selection/rnn_single_influence_seed3_sampling_audit.json
v2,rnn_single_influence,4,123567,123567,123567,123567,123567,123311,2468811,2468568,2468811,2468811,2468568,2468568,59965440,59965440,59965440,1096,2250,2255,0,0,2772,exact match to schedule prefix after subtracting active unfinished episodes,/juice6/u/jshe/emergent_partner_grid/train/train_logs/v2_balanced_training/counterbalanced1096_20261004_212351_greedy_action_selection/rnn_single_influence_seed4_sampling_audit.json
v2,rnn_single_influence,5,131416,131416,131416,131416,131416,131160,2625889,2625649,2625889,2625889,2625649,2625649,59965440,59965440,59965440,1096,2393,2398,0,0,2671,exact match to schedule prefix after subtracting active unfinished episodes,/juice6/u/jshe/emergent_partner_grid/train/train_logs/v2_balanced_training/counterbalanced1096_20261004_212351_greedy_action_selection/rnn_single_influence_seed5_sampling_audit.json
v2,rnn_diverse_noinfluence,1,32033,1334,1335,1334,1335,31777,638210,637954,26586,26597,26575,26587,2465352,2524947,59965440,1096,24,25,12,1,2706,exact match to schedule prefix after subtracting active unfinished episodes,/juice6/u/jshe/emergent_partner_grid/train/train_logs/v2_balanced_training/counterbalanced1096_20261004_212351_greedy_action_selection/rnn_diverse_noinfluence_seed1_sampling_audit.json
v2,rnn_diverse_noinfluence,2,33767,1406,1407,1406,1407,33511,672871,672617,28029,28044,28019,28034,2443885,2541816,59965440,1096,25,26,15,1,2723,exact match to schedule prefix after subtracting active unfinished episodes,/juice6/u/jshe/emergent_partner_grid/train/train_logs/v2_balanced_training/counterbalanced1096_20261004_212351_greedy_action_selection/rnn_diverse_noinfluence_seed2_sampling_audit.json
v2,rnn_diverse_noinfluence,3,54996,2291,2292,2291,2292,54740,1097333,1097089,45700,45744,45689,45736,2150384,2758646,59965440,1096,41,42,47,1,2831,exact match to schedule prefix after subtracting active unfinished episodes,/juice6/u/jshe/emergent_partner_grid/train/train_logs/v2_balanced_training/counterbalanced1096_20261004_212351_greedy_action_selection/rnn_diverse_noinfluence_seed3_sampling_audit.json
v2,rnn_diverse_noinfluence,4,32760,1365,1365,1365,1365,32504,652585,652331,27184,27196,27172,27186,2450063,2533884,59965440,1096,24,25,14,1,2869,exact match to schedule prefix after subtracting active unfinished episodes,/juice6/u/jshe/emergent_partner_grid/train/train_logs/v2_balanced_training/counterbalanced1096_20261004_212351_greedy_action_selection/rnn_diverse_noinfluence_seed4_sampling_audit.json
v2,rnn_diverse_noinfluence,5,48729,2030,2031,2030,2031,48473,972086,971839,40482,40529,40469,40521,2235100,2697420,59965440,1096,36,38,52,2,2741,exact match to schedule prefix after subtracting active unfinished episodes,/juice6/u/jshe/emergent_partner_grid/train/train_logs/v2_balanced_training/counterbalanced1096_20261004_212351_greedy_action_selection/rnn_diverse_noinfluence_seed5_sampling_audit.json
