ego_to_red,ego_to_blue,available,expected_selected,selected
1,1,0,0.0,0
1,2,9,7.45470929686139,7
1,3,23,15.918912209860707,16
1,4,40,25.454399353604643,26
1,5,39,30.878295066911797,31
1,6,23,18.88551041780993,19
1,7,36,28.408173654951533,28
1,8,10,10.0,10
2,1,21,14.398186187143427,14
2,2,14,8.917478617170298,9
2,3,38,17.093631809391958,17
2,4,34,13.223490772662956,14
2,5,31,17.989905783919998,18
2,6,39,24.389863610229007,24
2,7,26,14.987443219482355,15
2,8,26,26.0,26
3,1,24,16.73933790206994,17
3,2,31,20.140824601193252,20
3,3,29,13.444709350284306,13
3,4,40,16.088108885743754,16
3,5,30,17.8134286735901,18
3,6,38,24.255325317850595,25
3,7,28,16.518265269268056,16
3,8,12,12.0,12
4,1,31,21.934026827305757,22
4,2,28,18.49673579413216,19
4,3,40,19.02482730428229,19
4,4,26,10.76008217466,10
4,5,29,17.555364324812814,17
4,6,20,12.987099900773353,13
4,7,27,16.241863674033628,17
4,8,20,20.0,20
5,1,42,28.653334347524453,29
5,2,28,17.732731747236286,18
5,3,27,12.040287709962485,12
5,4,39,15.022353163710857,15
5,5,24,13.835466025061034,13
5,6,31,19.272170315212016,19
5,7,13,7.443656691292866,8
5,8,23,23.0,23
6,1,22,16.534053869563174,16
6,2,36,25.515089185301672,25
6,3,33,17.53631300866799,18
6,4,24,11.252761781526925,11
6,5,19,12.48838865655885,13
6,6,23,16.062661143313058,16
6,7,30,19.61073235506834,20
6,8,18,18.0,18
7,1,25,23.840031625048617,24
7,2,10,9.429680834498287,10
7,3,37,32.74956291092772,33
7,4,22,18.856140648085546,19
7,5,14,13.002181371597706,13
7,6,6,5.641395852335622,5
7,7,21,19.4810067575065,19
7,8,14,14.0,14
8,1,16,14.901029241344629,15
8,2,32,29.312749923606653,29
8,3,11,9.19175569662254,9
8,4,33,26.34266322000532,26
8,5,15,13.436970097547697,14
8,6,17,15.505973442476419,16
8,7,16,14.308858378396735,14
8,8,14,14.0,14
