version,condition,requested_budget_millions,actual_steps_millions,round_success_mean,round_success_seed_sd,episode_return_mean,episode_return_seed_sd,episode_steps_mean,episode_steps_seed_sd
v1,rnn_diverse_influence,5,4.980736,0.7470311237829208,0.09292751408540817,3.310430434782609,3.5341760872099215,1152.2317391304346,176.0895512261863
v1,rnn_diverse_influence,10,9.961472,0.8472909775911186,0.1049054556046871,8.036047826086955,4.575633928969581,905.8160869565218,245.88679767293078
v1,rnn_diverse_influence,15,14.942208,0.8707825276747364,0.10307163542996718,9.160339130434783,4.707960535992135,842.1017391304347,262.99821820196837
v1,rnn_diverse_influence,20,19.98848,0.8809785177065541,0.10615851252014886,9.703021739130433,4.945589563172721,808.6039130434783,280.2370429763769
v1,rnn_diverse_influence,30,29.949952,0.903749481978514,0.09705728780836155,10.805095652173915,4.74296390322914,744.6791304347826,278.60008264213457
v1,rnn_diverse_influence,40,39.97696,0.9221217775820488,0.08652850580903104,11.690504347826089,4.410851968684767,693.131304347826,266.39843366181213
v1,rnn_diverse_influence,45,44.957696,0.9311165947684671,0.07753626342958533,12.112608695652174,4.097459436457194,669.3947826086958,253.2062474666525
v1,rnn_diverse_influence,50,49.938432,0.9424601734092273,0.06559411268157198,12.637017391304346,3.621299546741558,639.7913043478262,229.73059520933714
v1,rnn_diverse_influence,55,54.984704,0.9485288636763081,0.05973098105978937,12.895308695652172,3.4502760647267157,626.2713043478261,224.4334835971369
v1,rnn_diverse_influence,60,59.96544,0.9514761634514095,0.05699058555214112,13.018478260869566,3.3422949645005744,620.0978260869566,219.3667842509634
v1,mlp_diverse_influence,5,4.980736,0.6829291355787189,0.1358677058056391,1.2130695652173908,4.808301606265433,1242.5313043478259,214.8421979782745
v1,mlp_diverse_influence,10,9.961472,0.743742474930176,0.13430965676433868,3.819343478260869,5.122549169154595,1117.9939130434784,240.38862199094044
v1,mlp_diverse_influence,15,14.942208,0.7701875015615872,0.12010539507820846,4.826334782608694,4.618727165967738,1072.4504347826087,219.2950113701056
v1,mlp_diverse_influence,20,19.98848,0.7859853948305782,0.11457549461078854,5.467126086956522,4.424470986005208,1040.8834782608697,210.93339085390588
v1,mlp_diverse_influence,30,29.949952,0.8155438049350856,0.10052332155979157,6.6858695652173905,3.836224273920962,978.0734782608695,180.0762939511882
v1,mlp_diverse_influence,40,39.97696,0.8503472976399875,0.08216037803889625,8.132926086956521,3.1432282487700087,903.4986956521738,147.93717973651243
v1,mlp_diverse_influence,45,44.957696,0.8693494040265847,0.07391782743049757,8.882513043478262,2.8440540752322176,866.7560869565217,134.45987097687944
v1,mlp_diverse_influence,50,49.938432,0.8889434686410158,0.06347094983564874,9.666791304347825,2.44607225081168,828.1421739130434,115.9228197893779
v1,mlp_diverse_influence,55,54.984704,0.9020550230841315,0.05654965259755906,10.13958695652174,2.205150864736387,807.3795652173912,105.78632014924395
v1,mlp_diverse_influence,60,59.96544,0.9079199199105756,0.05336419420279216,10.353060869565216,2.0941881841454384,798.0869565217391,101.3820341705176
v1,rnn_single_influence,5,4.980736,0.8539646461513986,0.09979956869811703,9.369639130434782,4.340399835030186,748.2991304347827,243.25512725184248
v1,rnn_single_influence,10,9.961472,0.9218174854630774,0.09570482635433149,13.409660869565219,4.631440443216804,520.4917391304349,269.1746905006927
v1,rnn_single_influence,15,14.942208,0.9322228803176236,0.08333903651737216,13.957252173913048,4.059339323118652,486.89391304347816,237.08243329729507
v1,rnn_single_influence,20,19.98848,0.9382344170103538,0.07773193784776113,14.212378260869565,3.8417263695181916,474.0408695652174,227.30863342259994
v1,rnn_single_influence,30,29.949952,0.9507652832924431,0.06258966185467713,14.803573913043476,3.2133563140344683,439.85695652173916,194.43979660739694
v1,rnn_single_influence,40,39.97696,0.9640118639520381,0.046146773899166736,15.453434782608696,2.4488194827165093,401.75565217391306,151.33734872961932
v1,rnn_single_influence,45,44.957696,0.9711404972640556,0.036480328264115125,15.814008695652173,2.009907976819725,379.9591304347826,126.89391535737992
v1,rnn_single_influence,50,49.938432,0.9755279947910811,0.03134741885816732,16.03794347826087,1.7815553266722677,366.61739130434785,114.75303817674697
v1,rnn_single_influence,55,54.984704,0.9808875552881873,0.02455527658353485,16.304095652173913,1.491937340832301,350.8030434782608,99.48738877864083
v1,rnn_single_influence,60,59.96544,0.9824772471440758,0.022812119540261546,16.412934782608694,1.3942830744953476,343.295652173913,93.5840460209951
v1,rnn_diverse_noinfluence,5,4.980736,0.6870273934219234,0.15985459747595002,1.2773,5.436234325620348,1232.273043478261,230.22219569236574
v1,rnn_diverse_noinfluence,10,9.961472,0.7946679429454816,0.16143057928026963,5.634178260869565,5.912800680025565,1039.3995652173912,265.2776832992482
v1,rnn_diverse_noinfluence,15,14.942208,0.8164240604287126,0.15310573153206397,6.380404347826087,5.686353040390013,1009.309565217391,258.6979591128414
v1,rnn_diverse_noinfluence,20,19.98848,0.8286633795535522,0.15390588376695272,6.83701304347826,5.743196165985664,988.8652173913042,262.5022822387061
v1,rnn_diverse_noinfluence,30,29.949952,0.8558717749465972,0.141469372343885,7.81264347826087,5.361761259447134,946.4473913043479,250.2305390031581
v1,rnn_diverse_noinfluence,40,39.97696,0.8799919468876769,0.13123244786513238,8.826308695652175,4.972838548010047,893.9065217391304,232.22322521733327
v1,rnn_diverse_noinfluence,45,44.957696,0.889829385152886,0.12538815033049164,9.225182608695654,4.736010493771864,874.5704347826089,221.6524465027238
v1,rnn_diverse_noinfluence,50,49.938432,0.8986863393918438,0.11938058518307221,9.628991304347826,4.533444407358766,852.1447826086957,213.47480863453205
v1,rnn_diverse_noinfluence,55,54.984704,0.9064979421545262,0.11315841854161651,9.94228695652174,4.311011241461515,835.586956521739,201.948810454409
v1,rnn_diverse_noinfluence,60,59.96544,0.9098333666244857,0.10906731331974494,10.104652173913044,4.139556019492437,827.5308695652175,194.5759928240362
v2,rnn_diverse_influence,5,4.980736,0.5873694411566907,0.12228288978544609,-2.3576173913043483,3.9524774621136136,1412.8756521739128,145.58600305308045
v2,rnn_diverse_influence,10,9.961472,0.6331401327108326,0.10432857963055209,-0.5986347826086955,3.5165429697072854,1335.0100000000002,141.1968171337958
v2,rnn_diverse_influence,15,14.942208,0.6597356762650742,0.11368829680000035,0.38127826086956496,3.8857831249552706,1290.755217391304,158.16989007002465
v2,rnn_diverse_influence,20,19.98848,0.6920329698777418,0.1086279318980341,1.5153260869565215,3.753664403413004,1244.0995652173913,155.52815829667932
v2,rnn_diverse_influence,30,29.949952,0.7469456935321944,0.0873767431016245,3.4791608695652174,3.0616030044183575,1159.1947826086957,129.47287112106815
v2,rnn_diverse_influence,40,39.97696,0.7981687782434636,0.06654248532046325,5.344791304347827,2.360095549644104,1075.993043478261,101.19531854892932
v2,rnn_diverse_influence,45,44.957696,0.8252798486342712,0.06038243707827713,6.385843478260869,2.2036439856628847,1027.5439130434781,98.54733405639102
v2,rnn_diverse_influence,50,49.938432,0.8507951274165766,0.05546912372474717,7.306747826086955,2.0406100686829434,985.9743478260868,90.74662399788345
v2,rnn_diverse_influence,55,54.984704,0.8706844296133294,0.04779069082277802,8.059521739130433,1.7716258488058076,951.6630434782606,79.99810707826693
v2,rnn_diverse_influence,60,59.96544,0.8771104307006061,0.04607766964502604,8.305326086956521,1.6927649586815827,940.7504347826089,76.219346830614
v2,mlp_diverse_influence,5,4.980736,0.5872855554743089,0.09566052113665643,-2.550217391304348,3.183658933353649,1421.5891304347826,118.32514464753531
v2,mlp_diverse_influence,10,9.961472,0.7057393907909085,0.12059383646680541,1.862291304347826,4.1329019660595145,1234.884347826087,173.28100565850445
v2,mlp_diverse_influence,15,14.942208,0.7470858391377708,0.14289323576780638,3.4019260869565215,5.065870871859957,1166.3669565217392,218.1953740365389
v2,mlp_diverse_influence,20,19.98848,0.7792368249502442,0.14367950782254094,4.652886956521739,5.16990594356988,1108.1608695652174,227.0882281875924
v2,mlp_diverse_influence,30,29.949952,0.8200122025834717,0.13716359287541144,6.292817391304348,5.044949449982904,1025.9786956521739,226.4867897671647
v2,mlp_diverse_influence,40,39.97696,0.8523581641595157,0.12216105420947877,7.602308695652175,4.543553216731407,961.0304347826088,207.45892674320908
v2,mlp_diverse_influence,45,44.957696,0.8697209468210996,0.11132501522132648,8.293721739130435,4.171362598086678,927.0173913043479,192.2896657650092
v2,mlp_diverse_influence,50,49.938432,0.8864450386699886,0.09959694238724767,8.913582608695652,3.737496082383466,898.0891304347826,171.63173776937458
v2,mlp_diverse_influence,55,54.984704,0.9005010289255726,0.08799863414866049,9.467578260869564,3.3643167795057423,871.5195652173912,157.88171893513518
v2,mlp_diverse_influence,60,59.96544,0.9054254148490696,0.08456954470996265,9.604239130434783,3.258427224347739,868.6560869565219,155.35510914400453
v2,rnn_single_influence,5,4.980736,0.8237054163677054,0.10228443849952258,7.669191304347827,4.6450365362716655,871.9139130434784,277.6314278961787
v2,rnn_single_influence,10,9.961472,0.8690713111839503,0.11671580189774988,10.541204347826087,5.915693399479439,700.6613043478261,360.911327197854
v2,rnn_single_influence,15,14.942208,0.8815730989947518,0.10653633691135368,11.012943478260869,5.565609773013478,679.1026086956521,348.95440692581735
v2,rnn_single_influence,20,19.98848,0.8923409053864628,0.09916873031933818,11.457647826086957,5.172916902676315,655.6739130434783,326.0490024941193
v2,rnn_single_influence,30,29.949952,0.9138174190952351,0.08413411699959589,12.455417391304348,4.375426249162705,599.8817391304348,279.5306173759274
v2,rnn_single_influence,40,39.97696,0.9398799076312722,0.06310506099892357,13.728943478260868,3.2966782945188897,525.1226086956523,214.95440998263564
v2,rnn_single_influence,45,44.957696,0.9502264510691116,0.0541855384126423,14.239921739130438,2.878906998998873,494.7991304347826,191.2094203375016
v2,rnn_single_influence,50,49.938432,0.9586709484241617,0.046351038746615225,14.68164347826087,2.5005458488030112,467.8960869565218,169.8146608628091
v2,rnn_single_influence,55,54.984704,0.9653753027533476,0.04003877593052823,15.02668695652174,2.19282082288884,447.184347826087,153.19380055303412
v2,rnn_single_influence,60,59.96544,0.9675058761926778,0.03791870206983433,15.14847391304348,2.094931485507285,439.3808695652174,147.90357445951636
v2,rnn_diverse_noinfluence,5,4.980736,0.6379425747444325,0.011817510572879728,-0.8333043478260869,0.3932117110020849,1366.2078260869562,16.229818396965797
v2,rnn_diverse_noinfluence,10,9.961472,0.6438299029651046,0.008607907637071237,-0.4278521739130435,0.34103032422584934,1342.8926086956521,16.252962402651534
v2,rnn_diverse_noinfluence,15,14.942208,0.6488240994948954,0.01174068749084452,-0.3052173913043479,0.43754021500292023,1340.7173913043478,19.730381428731896
v2,rnn_diverse_noinfluence,20,19.98848,0.6550478440953121,0.013038789175799068,-0.10168695652173909,0.4706820975526069,1333.7252173913043,21.207630372376386
v2,rnn_diverse_noinfluence,30,29.949952,0.6637236881984487,0.009537645851795097,0.15654782608695653,0.33516144799078795,1323.6930434782612,14.764026236072331
v2,rnn_diverse_noinfluence,40,39.97696,0.6858581791910148,0.01011305082485877,1.0351956521739132,0.32749508394699883,1281.6969565217391,12.867779014557696
v2,rnn_diverse_noinfluence,45,44.957696,0.70110601683613,0.013039359318741395,1.5546304347826085,0.4588231929114929,1258.7060869565219,20.023714166383115
v2,rnn_diverse_noinfluence,50,49.938432,0.7171670206493852,0.013791717294835928,2.1444608695652176,0.44949060261934326,1232.3673913043476,18.48075680074172
v2,rnn_diverse_noinfluence,55,54.984704,0.7304736232241326,0.013713523241035534,2.6333695652173907,0.48125536134788843,1212.0578260869565,21.726269162908217
v2,rnn_diverse_noinfluence,60,59.96544,0.7378020468880641,0.012995799464313333,2.8988913043478264,0.4581129935797267,1199.7595652173911,20.538809372835647
