axis,step,target,capability_subset,condition,comparison_condition,distance_accuracy_difference_mean,difference_ci_low,difference_ci_high,n_positive_seed_differences,n_training_seeds
reference_t,1,d_B,all,rnn_diverse_influence,rnn_single_influence,0.008816425120772964,-0.006763285024154642,0.021618357487922735,4,5
reference_t,1,d_B,all,rnn_diverse_influence,rnn_diverse_noinfluence,0.007367149758454117,-0.017512077294686047,0.02850241545893726,3,5
reference_t,1,d_B,familiar,rnn_diverse_influence,rnn_single_influence,0.0032407407407408105,-0.02222222222222219,0.025694444444444485,3,5
reference_t,1,d_B,familiar,rnn_diverse_influence,rnn_diverse_noinfluence,0.008333333333333415,-0.011342592592592515,0.03240740740740751,2,5
reference_t,1,d_B,novel,rnn_diverse_influence,rnn_single_influence,0.014898989898989901,-0.0017676767676768179,0.029040404040404044,4,5
reference_t,1,d_B,novel,rnn_diverse_influence,rnn_diverse_noinfluence,0.006313131313131337,-0.03560606060606062,0.04292929292929302,3,5
reference_t,50,d_B,all,rnn_diverse_influence,rnn_single_influence,-0.0019323671497584848,-0.0647342995169082,0.06763285024154583,2,5
reference_t,50,d_B,all,rnn_diverse_influence,rnn_diverse_noinfluence,0.023188405797101463,-0.006642512077294671,0.0530193236714976,3,5
reference_t,50,d_B,familiar,rnn_diverse_influence,rnn_single_influence,0.012499999999999956,-0.05277777777777777,0.09583333333333326,2,5
reference_t,50,d_B,familiar,rnn_diverse_influence,rnn_diverse_noinfluence,0.028472222222222232,-0.00972222222222221,0.07962962962962963,4,5
reference_t,50,d_B,novel,rnn_diverse_influence,rnn_single_influence,-0.017676767676767735,-0.07777777777777795,0.042424242424242475,2,5
reference_t,50,d_B,novel,rnn_diverse_influence,rnn_diverse_noinfluence,0.017424242424242432,-0.010858585858585835,0.045707070707070696,3,5
reference_t,100,d_B,all,rnn_diverse_influence,rnn_single_influence,0.002415458937198145,-0.07149758454106281,0.08333333333333345,2,5
reference_t,100,d_B,all,rnn_diverse_influence,rnn_diverse_noinfluence,0.08671497584541063,0.05785024154589373,0.11328502415458944,5,5
reference_t,100,d_B,familiar,rnn_diverse_influence,rnn_single_influence,0.025694444444444443,-0.05624999999999998,0.10763888888888887,3,5
reference_t,100,d_B,familiar,rnn_diverse_influence,rnn_diverse_noinfluence,0.10069444444444442,0.0743055555555556,0.1305555555555554,5,5
reference_t,100,d_B,novel,rnn_diverse_influence,rnn_single_influence,-0.022979797979797968,-0.09621212121212126,0.05252525252525257,2,5
reference_t,100,d_B,novel,rnn_diverse_influence,rnn_diverse_noinfluence,0.07146464646464652,0.03989898989898995,0.09696969696969707,5,5
reference_t,150,d_B,all,rnn_diverse_influence,rnn_single_influence,0.003260869565217406,-0.08091787439613526,0.08562801932367152,3,5
reference_t,150,d_B,all,rnn_diverse_influence,rnn_diverse_noinfluence,0.10434782608695652,0.062077294685990284,0.14528985507246375,5,5
reference_t,150,d_B,familiar,rnn_diverse_influence,rnn_single_influence,0.025462962962962975,-0.0724537037037036,0.10578703703703704,3,5
reference_t,150,d_B,familiar,rnn_diverse_influence,rnn_diverse_noinfluence,0.11643518518518522,0.08078703703703712,0.15208333333333335,5,5
reference_t,150,d_B,novel,rnn_diverse_influence,rnn_single_influence,-0.02095959595959591,-0.10555555555555554,0.0659090909090911,2,5
reference_t,150,d_B,novel,rnn_diverse_influence,rnn_diverse_noinfluence,0.09116161616161625,0.035858585858585944,0.14570707070707084,4,5
reference_t,200,d_B,all,rnn_diverse_influence,rnn_single_influence,0.010265700483091767,-0.06763285024154594,0.08586956521739128,3,5
reference_t,200,d_B,all,rnn_diverse_influence,rnn_diverse_noinfluence,0.12886473429951686,0.09685990338164245,0.16086956521739126,5,5
reference_t,200,d_B,familiar,rnn_diverse_influence,rnn_single_influence,0.026388888888888795,-0.06458333333333335,0.10185185185185171,3,5
reference_t,200,d_B,familiar,rnn_diverse_influence,rnn_diverse_noinfluence,0.1298611111111111,0.0997685185185185,0.15995370370370368,5,5
reference_t,200,d_B,novel,rnn_diverse_influence,rnn_single_influence,-0.007323232323232354,-0.08308080808080812,0.0684343434343434,2,5
reference_t,200,d_B,novel,rnn_diverse_influence,rnn_diverse_noinfluence,0.12777777777777782,0.08838383838383831,0.165909090909091,5,5
reference_t,250,d_B,all,rnn_diverse_influence,rnn_single_influence,-0.0028985507246376495,-0.08128019323671498,0.07548309178743969,3,5
reference_t,250,d_B,all,rnn_diverse_influence,rnn_diverse_noinfluence,0.1324879227053141,0.07971014492753632,0.17789855072463778,5,5
reference_t,250,d_B,familiar,rnn_diverse_influence,rnn_single_influence,0.01620370370370363,-0.07013888888888895,0.09374999999999986,3,5
reference_t,250,d_B,familiar,rnn_diverse_influence,rnn_diverse_noinfluence,0.13472222222222222,0.08888888888888886,0.17685185185185184,5,5
reference_t,250,d_B,novel,rnn_diverse_influence,rnn_single_influence,-0.02373737373737368,-0.10303030303030299,0.05555555555555562,2,5
reference_t,250,d_B,novel,rnn_diverse_influence,rnn_diverse_noinfluence,0.13005050505050508,0.0659090909090908,0.1845959595959597,5,5
reference_t,300,d_B,all,rnn_diverse_influence,rnn_single_influence,0.002294685990338108,-0.07898550724637687,0.08357487922705309,3,5
reference_t,300,d_B,all,rnn_diverse_influence,rnn_diverse_noinfluence,0.1438405797101449,0.07789855072463774,0.19987922705314004,5,5
reference_t,300,d_B,familiar,rnn_diverse_influence,rnn_single_influence,0.017592592592592538,-0.06111111111111116,0.09629629629629624,3,5
reference_t,300,d_B,familiar,rnn_diverse_influence,rnn_diverse_noinfluence,0.15787037037037038,0.09375000000000004,0.21412037037037032,5,5
reference_t,300,d_B,novel,rnn_diverse_influence,rnn_single_influence,-0.01439393939393947,-0.09848484848484859,0.06969696969696966,2,5
reference_t,300,d_B,novel,rnn_diverse_influence,rnn_diverse_noinfluence,0.12853535353535353,0.06111111111111114,0.19141414141414143,5,5
reference_t,350,d_B,all,rnn_diverse_influence,rnn_single_influence,0.009299516908212558,-0.06050724637681162,0.07910628019323673,3,5
reference_t,350,d_B,all,rnn_diverse_influence,rnn_diverse_noinfluence,0.14468599033816437,0.08792270531400966,0.19710144927536252,5,5
reference_t,350,d_B,familiar,rnn_diverse_influence,rnn_single_influence,0.013425925925925886,-0.05300925925925928,0.0796296296296296,3,5
reference_t,350,d_B,familiar,rnn_diverse_influence,rnn_diverse_noinfluence,0.14027777777777775,0.08101851851851849,0.19493055555555514,5,5
reference_t,350,d_B,novel,rnn_diverse_influence,rnn_single_influence,0.004797979797979868,-0.0689393939393939,0.07853535353535364,3,5
reference_t,350,d_B,novel,rnn_diverse_influence,rnn_diverse_noinfluence,0.14949494949494957,0.08686868686868694,0.2121212121212122,5,5
reference_t,400,d_B,all,rnn_diverse_influence,rnn_single_influence,0.005797101449275277,-0.06400966183574883,0.0721014492753623,3,5
reference_t,400,d_B,all,rnn_diverse_influence,rnn_diverse_noinfluence,0.15084541062801932,0.0905797101449275,0.19484299516908163,5,5
reference_t,400,d_B,familiar,rnn_diverse_influence,rnn_single_influence,0.015972222222222145,-0.045370370370370394,0.07152777777777772,3,5
reference_t,400,d_B,familiar,rnn_diverse_influence,rnn_diverse_noinfluence,0.16828703703703699,0.10810185185185188,0.20277777777777767,5,5
reference_t,400,d_B,novel,rnn_diverse_influence,rnn_single_influence,-0.005303030303030342,-0.0866161616161617,0.07272727272727268,3,5
reference_t,400,d_B,novel,rnn_diverse_influence,rnn_diverse_noinfluence,0.13181818181818178,0.07146464646464648,0.1882638888888869,5,5
reference_t,1,d_R,all,rnn_diverse_influence,rnn_single_influence,-6.661338147750939e-17,-0.015821256038647414,0.01582125603864728,2,5
reference_t,1,d_R,all,rnn_diverse_influence,rnn_diverse_noinfluence,0.004951690821256016,-0.010990338164251212,0.021256038647342955,3,5
reference_t,1,d_R,familiar,rnn_diverse_influence,rnn_single_influence,0.013425925925925886,-0.005555555555555603,0.03287037037037031,3,5
reference_t,1,d_R,familiar,rnn_diverse_influence,rnn_diverse_noinfluence,0.011805555555555514,-0.01226851851851849,0.038425925925925884,4,5
reference_t,1,d_R,novel,rnn_diverse_influence,rnn_single_influence,-0.014646464646464663,-0.03535353535353538,0.003535353535353547,1,5
reference_t,1,d_R,novel,rnn_diverse_influence,rnn_diverse_noinfluence,-0.002525252525252553,-0.027272727272727317,0.0325757575757575,1,5
reference_t,50,d_R,all,rnn_diverse_influence,rnn_single_influence,-0.0681159420289855,-0.1632850241545894,0.039975845410628,1,5
reference_t,50,d_R,all,rnn_diverse_influence,rnn_diverse_noinfluence,0.04673913043478264,-0.0013285024154589431,0.09202898550724643,4,5
reference_t,50,d_R,familiar,rnn_diverse_influence,rnn_single_influence,-0.07106481481481482,-0.14351851851851857,0.026388888888888885,1,5
reference_t,50,d_R,familiar,rnn_diverse_influence,rnn_diverse_noinfluence,0.055092592592592624,0.01203703703703709,0.08912037037037032,4,5
reference_t,50,d_R,novel,rnn_diverse_influence,rnn_single_influence,-0.0648989898989899,-0.18308080808080812,0.053030303030303115,1,5
reference_t,50,d_R,novel,rnn_diverse_influence,rnn_diverse_noinfluence,0.03762626262626263,-0.0320707070707071,0.10732323232323235,3,5
reference_t,100,d_R,all,rnn_diverse_influence,rnn_single_influence,-0.06340579710144927,-0.1660628019323671,0.05350241545893712,1,5
reference_t,100,d_R,all,rnn_diverse_influence,rnn_diverse_noinfluence,0.12101449275362317,0.04251207729468596,0.19685990338164253,5,5
reference_t,100,d_R,familiar,rnn_diverse_influence,rnn_single_influence,-0.06620370370370379,-0.16504629629629636,0.046759259259259056,1,5
reference_t,100,d_R,familiar,rnn_diverse_influence,rnn_diverse_noinfluence,0.1372685185185185,0.05115740740740735,0.21018518518518517,5,5
reference_t,100,d_R,novel,rnn_diverse_influence,rnn_single_influence,-0.06035353535353536,-0.16363636363636383,0.061868686868687,1,5
reference_t,100,d_R,novel,rnn_diverse_influence,rnn_diverse_noinfluence,0.10328282828282835,0.024242424242424288,0.18232323232323241,4,5
reference_t,150,d_R,all,rnn_diverse_influence,rnn_single_influence,-0.0705314009661836,-0.15458937198067635,0.021014492753623125,1,5
reference_t,150,d_R,all,rnn_diverse_influence,rnn_diverse_noinfluence,0.13864734299516912,0.07548309178743969,0.20181159420289854,5,5
reference_t,150,d_R,familiar,rnn_diverse_influence,rnn_single_influence,-0.06435185185185195,-0.1414351851851854,0.011805555555555425,1,5
reference_t,150,d_R,familiar,rnn_diverse_influence,rnn_diverse_noinfluence,0.15787037037037044,0.10046296296296295,0.21604166666666574,5,5
reference_t,150,d_R,novel,rnn_diverse_influence,rnn_single_influence,-0.07727272727272731,-0.1684343434343436,0.03838383838383839,1,5
reference_t,150,d_R,novel,rnn_diverse_influence,rnn_diverse_noinfluence,0.11767676767676771,0.04797979797979794,0.18737373737373747,5,5
reference_t,200,d_R,all,rnn_diverse_influence,rnn_single_influence,-0.06727053140096631,-0.1500000000000001,0.029106280193236557,1,5
reference_t,200,d_R,all,rnn_diverse_influence,rnn_diverse_noinfluence,0.14867149758454107,0.08417874396135265,0.2131642512077295,5,5
reference_t,200,d_R,familiar,rnn_diverse_influence,rnn_single_influence,-0.060416666666666716,-0.15462962962962973,0.03981481481481475,1,5
reference_t,200,d_R,familiar,rnn_diverse_influence,rnn_diverse_noinfluence,0.16921296296296304,0.09907407407407413,0.23796296296296301,5,5
reference_t,200,d_R,novel,rnn_diverse_influence,rnn_single_influence,-0.07474747474747472,-0.15606060606060607,0.015404040404040531,1,5
reference_t,200,d_R,novel,rnn_diverse_influence,rnn_diverse_noinfluence,0.1262626262626263,0.06641414141414133,0.18611111111111128,5,5
reference_t,250,d_R,all,rnn_diverse_influence,rnn_single_influence,-0.07379227053140099,-0.1704106280193237,0.02971014492753621,1,5
reference_t,250,d_R,all,rnn_diverse_influence,rnn_diverse_noinfluence,0.14951690821256045,0.08538647342995179,0.20845410628019323,5,5
reference_t,250,d_R,familiar,rnn_diverse_influence,rnn_single_influence,-0.06689814814814814,-0.17129629629629622,0.03912037037037035,1,5
reference_t,250,d_R,familiar,rnn_diverse_influence,rnn_diverse_noinfluence,0.15393518518518529,0.09027777777777786,0.2120370370370371,5,5
reference_t,250,d_R,novel,rnn_diverse_influence,rnn_single_influence,-0.08131313131313134,-0.16792929292929307,0.02196969696969713,1,5
reference_t,250,d_R,novel,rnn_diverse_influence,rnn_diverse_noinfluence,0.1446969696969697,0.07954545454545456,0.20454545454545459,5,5
reference_t,300,d_R,all,rnn_diverse_influence,rnn_single_influence,-0.08442028985507251,-0.166425120772947,0.00760869565217388,1,5
reference_t,300,d_R,all,rnn_diverse_influence,rnn_diverse_noinfluence,0.160024154589372,0.10193236714975847,0.21811594202898554,5,5
reference_t,300,d_R,familiar,rnn_diverse_influence,rnn_single_influence,-0.08657407407407418,-0.16898148148148162,0.003240740740740722,1,5
reference_t,300,d_R,familiar,rnn_diverse_influence,rnn_diverse_noinfluence,0.16388888888888892,0.10509259259259263,0.2226851851851852,5,5
reference_t,300,d_R,novel,rnn_diverse_influence,rnn_single_influence,-0.08207070707070711,-0.1722222222222223,0.011111111111111249,1,5
reference_t,300,d_R,novel,rnn_diverse_influence,rnn_diverse_noinfluence,0.15580808080808076,0.09848484848484836,0.21313131313131314,5,5
reference_t,350,d_R,all,rnn_diverse_influence,rnn_single_influence,-0.08792270531400966,-0.17620772946859906,-0.0019323671497585072,1,5
reference_t,350,d_R,all,rnn_diverse_influence,rnn_diverse_noinfluence,0.14879227053140093,0.0776570048309178,0.21219806763285026,5,5
reference_t,350,d_R,familiar,rnn_diverse_influence,rnn_single_influence,-0.09212962962962964,-0.17152777777777778,-0.013657407407407418,1,5
reference_t,350,d_R,familiar,rnn_diverse_influence,rnn_diverse_noinfluence,0.14097222222222225,0.06643518518518518,0.20486111111111116,4,5
reference_t,350,d_R,novel,rnn_diverse_influence,rnn_single_influence,-0.0833333333333334,-0.17853535353535366,0.010858585858585856,1,5
reference_t,350,d_R,novel,rnn_diverse_influence,rnn_diverse_noinfluence,0.1573232323232324,0.08838383838383843,0.2202020202020203,5,5
reference_t,400,d_R,all,rnn_diverse_influence,rnn_single_influence,-0.0756038647342995,-0.14806763285024158,0.005917874396135314,1,5
reference_t,400,d_R,all,rnn_diverse_influence,rnn_diverse_noinfluence,0.15966183574879225,0.10060386473429954,0.2096618357487922,5,5
reference_t,400,d_R,familiar,rnn_diverse_influence,rnn_single_influence,-0.08518518518518528,-0.15416666666666673,-0.011342592592592515,1,5
reference_t,400,d_R,familiar,rnn_diverse_influence,rnn_diverse_noinfluence,0.16319444444444445,0.11249999999999993,0.20787037037037037,5,5
reference_t,400,d_R,novel,rnn_diverse_influence,rnn_single_influence,-0.06515151515151515,-0.13888888888888892,0.0262626262626263,1,5
reference_t,400,d_R,novel,rnn_diverse_influence,rnn_diverse_noinfluence,0.15580808080808087,0.08964646464646475,0.21363636363636368,5,5
round_idx,0,d_B,all,rnn_diverse_influence,rnn_single_influence,-0.028985507246376784,-0.10845410628019318,0.050483091787439614,2,5
round_idx,0,d_B,all,rnn_diverse_influence,rnn_diverse_noinfluence,-0.0385265700483091,-0.06606280193236709,-0.01449275362318827,0,5
round_idx,0,d_B,familiar,rnn_diverse_influence,rnn_single_influence,-0.023842592592592648,-0.10277777777777788,0.05509259259259258,2,5
round_idx,0,d_B,familiar,rnn_diverse_influence,rnn_diverse_noinfluence,-0.03865740740740742,-0.0666666666666667,-0.01064814814814814,1,5
round_idx,0,d_B,novel,rnn_diverse_influence,rnn_single_influence,-0.03459595959595958,-0.1202020202020202,0.04545454545454557,3,5
round_idx,0,d_B,novel,rnn_diverse_influence,rnn_diverse_noinfluence,-0.03838383838383839,-0.07045454545454541,-0.013131313131313216,1,5
round_idx,1,d_B,all,rnn_diverse_influence,rnn_single_influence,-0.009661835748792268,-0.08091787439613533,0.0615942028985508,2,5
round_idx,1,d_B,all,rnn_diverse_influence,rnn_diverse_noinfluence,0.04420289855072464,0.02946859903381651,0.05712560386473433,5,5
round_idx,1,d_B,familiar,rnn_diverse_influence,rnn_single_influence,0.011342592592592581,-0.05185185185185195,0.07500000000000011,2,5
round_idx,1,d_B,familiar,rnn_diverse_influence,rnn_diverse_noinfluence,0.05555555555555565,0.031712962962963,0.08171296296296308,5,5
round_idx,1,d_B,novel,rnn_diverse_influence,rnn_single_influence,-0.0325757575757575,-0.1126262626262626,0.0474747474747476,2,5
round_idx,1,d_B,novel,rnn_diverse_influence,rnn_diverse_noinfluence,0.031818181818181815,0.024242424242424197,0.03838383838383841,5,5
round_idx,2,d_B,all,rnn_diverse_influence,rnn_single_influence,-0.008212560386473467,-0.08248792270531409,0.07391304347826093,2,5
round_idx,2,d_B,all,rnn_diverse_influence,rnn_diverse_noinfluence,0.06666666666666665,0.03586956521739122,0.09299516908212573,5,5
round_idx,2,d_B,familiar,rnn_diverse_influence,rnn_single_influence,0.00625,-0.07106481481481489,0.08958333333333339,2,5
round_idx,2,d_B,familiar,rnn_diverse_influence,rnn_diverse_noinfluence,0.07037037037037049,0.04513888888888899,0.09490740740740755,5,5
round_idx,2,d_B,novel,rnn_diverse_influence,rnn_single_influence,-0.023989898989898915,-0.09494949494949492,0.0603535353535354,2,5
round_idx,2,d_B,novel,rnn_diverse_influence,rnn_diverse_noinfluence,0.06262626262626261,0.018181818181818167,0.10378787878787872,4,5
round_idx,3,d_B,all,rnn_diverse_influence,rnn_single_influence,0.002053140096618389,-0.07330917874396134,0.07741545893719812,2,5
round_idx,3,d_B,all,rnn_diverse_influence,rnn_diverse_noinfluence,0.06763285024154594,0.05048309178743966,0.07946859903381653,5,5
round_idx,3,d_B,familiar,rnn_diverse_influence,rnn_single_influence,0.024768518518518533,-0.06250000000000003,0.11018518518518527,3,5
round_idx,3,d_B,familiar,rnn_diverse_influence,rnn_diverse_noinfluence,0.06412037037037041,0.04583333333333341,0.07962962962962965,5,5
round_idx,3,d_B,novel,rnn_diverse_influence,rnn_single_influence,-0.022727272727272707,-0.08712121212121204,0.04166666666666663,2,5
round_idx,3,d_B,novel,rnn_diverse_influence,rnn_diverse_noinfluence,0.07146464646464643,0.05454545454545452,0.08611111111111105,5,5
round_idx,4,d_B,all,rnn_diverse_influence,rnn_single_influence,0.00833333333333337,-0.060265700483091766,0.07693236714975851,3,5
round_idx,4,d_B,all,rnn_diverse_influence,rnn_diverse_noinfluence,0.10688405797101459,0.06340579710144931,0.14794685990338183,5,5
round_idx,4,d_B,familiar,rnn_diverse_influence,rnn_single_influence,0.02893518518518514,-0.04907407407407414,0.10694444444444443,3,5
round_idx,4,d_B,familiar,rnn_diverse_influence,rnn_diverse_noinfluence,0.1157407407407407,0.07662037037037037,0.15486111111111103,5,5
round_idx,4,d_B,novel,rnn_diverse_influence,rnn_single_influence,-0.014141414141414076,-0.07247474747474751,0.048484848484848575,2,5
round_idx,4,d_B,novel,rnn_diverse_influence,rnn_diverse_noinfluence,0.0972222222222223,0.03964646464646462,0.1436868686868688,4,5
round_idx,5,d_B,all,rnn_diverse_influence,rnn_single_influence,-0.00048309178743959346,-0.07113526570048305,0.07016908212560387,3,5
round_idx,5,d_B,all,rnn_diverse_influence,rnn_diverse_noinfluence,0.086352657004831,0.04178743961352664,0.11727053140096626,5,5
round_idx,5,d_B,familiar,rnn_diverse_influence,rnn_single_influence,0.008796296296296302,-0.06990740740740731,0.08217592592592589,3,5
round_idx,5,d_B,familiar,rnn_diverse_influence,rnn_diverse_noinfluence,0.09375000000000007,0.05555555555555562,0.1388888888888889,5,5
round_idx,5,d_B,novel,rnn_diverse_influence,rnn_single_influence,-0.010606060606060619,-0.07929292929292933,0.06060606060606053,2,5
round_idx,5,d_B,novel,rnn_diverse_influence,rnn_diverse_noinfluence,0.07828282828282829,0.020959595959595935,0.11975378787878706,4,5
round_idx,6,d_B,all,rnn_diverse_influence,rnn_single_influence,0.00833333333333337,-0.0576086956521739,0.07427536231884065,3,5
round_idx,6,d_B,all,rnn_diverse_influence,rnn_diverse_noinfluence,0.10446859903381649,0.05785024154589371,0.14444444444444463,5,5
round_idx,6,d_B,familiar,rnn_diverse_influence,rnn_single_influence,0.027314814814814747,-0.04398148148148144,0.08773148148148131,3,5
round_idx,6,d_B,familiar,rnn_diverse_influence,rnn_diverse_noinfluence,0.12106481481481482,0.08449074074074062,0.1613425925925927,5,5
round_idx,6,d_B,novel,rnn_diverse_influence,rnn_single_influence,-0.012373737373737348,-0.08636363636363628,0.05959595959595965,3,5
round_idx,6,d_B,novel,rnn_diverse_influence,rnn_diverse_noinfluence,0.08636363636363638,0.030555555555555513,0.1280303030303031,4,5
round_idx,7,d_B,all,rnn_diverse_influence,rnn_single_influence,0.005555555555555536,-0.06521739130434787,0.07572463768115938,3,5
round_idx,7,d_B,all,rnn_diverse_influence,rnn_diverse_noinfluence,0.1030193236714976,0.06557971014492758,0.13538647342995166,5,5
round_idx,7,d_B,familiar,rnn_diverse_influence,rnn_single_influence,0.016898148148148162,-0.05185185185185186,0.08541666666666665,3,5
round_idx,7,d_B,familiar,rnn_diverse_influence,rnn_diverse_noinfluence,0.11851851851851858,0.08888888888888902,0.14930555555555552,5,5
round_idx,7,d_B,novel,rnn_diverse_influence,rnn_single_influence,-0.006818181818181746,-0.0883838383838382,0.06818181818181826,2,5
round_idx,7,d_B,novel,rnn_diverse_influence,rnn_diverse_noinfluence,0.08611111111111111,0.042171717171717235,0.1313131313131312,5,5
round_idx,8,d_B,all,rnn_diverse_influence,rnn_single_influence,0.015458937198067634,-0.04891304347826082,0.07983091787439608,3,5
round_idx,8,d_B,all,rnn_diverse_influence,rnn_diverse_noinfluence,0.13417874396135268,0.07910628019323666,0.17669082125603874,5,5
round_idx,8,d_B,familiar,rnn_diverse_influence,rnn_single_influence,0.03587962962962965,-0.031249999999999934,0.093287037037037,3,5
round_idx,8,d_B,familiar,rnn_diverse_influence,rnn_diverse_noinfluence,0.14166666666666672,0.08171296296296311,0.19097222222222227,5,5
round_idx,8,d_B,novel,rnn_diverse_influence,rnn_single_influence,-0.0068181818181818786,-0.07878787878787892,0.06515151515151515,2,5
round_idx,8,d_B,novel,rnn_diverse_influence,rnn_diverse_noinfluence,0.12601010101010096,0.07651515151515147,0.1702020202020202,5,5
round_idx,9,d_B,all,rnn_diverse_influence,rnn_single_influence,0.018599033816425203,-0.047101449275362264,0.08429951690821266,3,5
round_idx,9,d_B,all,rnn_diverse_influence,rnn_diverse_noinfluence,0.11896135265700485,0.07874396135265711,0.15386473429951686,5,5
round_idx,9,d_B,familiar,rnn_diverse_influence,rnn_single_influence,0.027314814814814813,-0.04143518518518512,0.08564814814814811,3,5
round_idx,9,d_B,familiar,rnn_diverse_influence,rnn_diverse_noinfluence,0.12361111111111112,0.08750000000000006,0.14768518518518528,5,5
round_idx,9,d_B,novel,rnn_diverse_influence,rnn_single_influence,0.009090909090909104,-0.06464646464646459,0.0828282828282828,3,5
round_idx,9,d_B,novel,rnn_diverse_influence,rnn_diverse_noinfluence,0.1138888888888889,0.06565656565656564,0.16641414141414143,5,5
round_idx,10,d_B,all,rnn_diverse_influence,rnn_single_influence,0.012560386473429963,-0.05555555555555569,0.07898550724637696,3,5
round_idx,10,d_B,all,rnn_diverse_influence,rnn_diverse_noinfluence,0.13272946859903392,0.07572463768115945,0.17922705314009685,5,5
round_idx,10,d_B,familiar,rnn_diverse_influence,rnn_single_influence,0.02430555555555556,-0.047222222222222256,0.0861111111111111,3,5
round_idx,10,d_B,familiar,rnn_diverse_influence,rnn_diverse_noinfluence,0.13449074074074083,0.0710648148148149,0.18449074074074095,5,5
round_idx,10,d_B,novel,rnn_diverse_influence,rnn_single_influence,-0.0002525252525252375,-0.0734848484848484,0.07297979797979792,3,5
round_idx,10,d_B,novel,rnn_diverse_influence,rnn_diverse_noinfluence,0.13080808080808076,0.07398989898989901,0.1810606060606059,5,5
round_idx,11,d_B,all,rnn_diverse_influence,rnn_single_influence,0.013647342995169032,-0.05483091787439613,0.0747584541062801,3,5
round_idx,11,d_B,all,rnn_diverse_influence,rnn_diverse_noinfluence,0.13381642512077288,0.08224637681159412,0.1752415458937198,5,5
round_idx,11,d_B,familiar,rnn_diverse_influence,rnn_single_influence,0.028240740740740723,-0.04375,0.08518518518518514,3,5
round_idx,11,d_B,familiar,rnn_diverse_influence,rnn_diverse_noinfluence,0.14236111111111113,0.09375000000000003,0.1784722222222222,5,5
round_idx,11,d_B,novel,rnn_diverse_influence,rnn_single_influence,-0.002272727272727226,-0.06843434343434344,0.063888888888889,3,5
round_idx,11,d_B,novel,rnn_diverse_influence,rnn_diverse_noinfluence,0.12449494949494959,0.0694444444444446,0.18156565656565665,5,5
round_idx,12,d_B,all,rnn_diverse_influence,rnn_single_influence,0.01642512077294691,-0.04021739130434778,0.0730676328502416,3,5
round_idx,12,d_B,all,rnn_diverse_influence,rnn_diverse_noinfluence,0.14746376811594206,0.09396135265700493,0.18478260869565216,5,5
round_idx,12,d_B,familiar,rnn_diverse_influence,rnn_single_influence,0.031712962962962846,-0.02083333333333339,0.08171296296296278,3,5
round_idx,12,d_B,familiar,rnn_diverse_influence,rnn_diverse_noinfluence,0.15555555555555545,0.10185185185185179,0.19907407407407388,5,5
round_idx,12,d_B,novel,rnn_diverse_influence,rnn_single_influence,-0.0002525252525253263,-0.06414141414141424,0.06363636363636357,3,5
round_idx,12,d_B,novel,rnn_diverse_influence,rnn_diverse_noinfluence,0.13863636363636356,0.07929292929292919,0.1888888888888888,5,5
round_idx,13,d_B,all,rnn_diverse_influence,rnn_single_influence,0.020048309178743916,-0.034420289855072526,0.07451690821256036,3,5
round_idx,13,d_B,all,rnn_diverse_influence,rnn_diverse_noinfluence,0.14287439613526565,0.11533816425120773,0.1731884057971014,5,5
round_idx,13,d_B,familiar,rnn_diverse_influence,rnn_single_influence,0.03587962962962963,-0.013425925925925907,0.08518518518518517,3,5
round_idx,13,d_B,familiar,rnn_diverse_influence,rnn_diverse_noinfluence,0.15717592592592589,0.13009259259259257,0.17800925925925926,5,5
round_idx,13,d_B,novel,rnn_diverse_influence,rnn_single_influence,0.0027777777777777237,-0.0573232323232324,0.06287878787878784,2,5
round_idx,13,d_B,novel,rnn_diverse_influence,rnn_diverse_noinfluence,0.12727272727272726,0.09772727272727266,0.16616161616161618,5,5
round_idx,14,d_B,all,rnn_diverse_influence,rnn_single_influence,0.0068840579710144345,-0.05531400966183575,0.06582125603864727,3,5
round_idx,14,d_B,all,rnn_diverse_influence,rnn_diverse_noinfluence,0.14142512077294686,0.09855072463768118,0.17536231884057973,5,5
round_idx,14,d_B,familiar,rnn_diverse_influence,rnn_single_influence,0.01898148148148151,-0.043055555555555534,0.07268518518518521,3,5
round_idx,14,d_B,familiar,rnn_diverse_influence,rnn_diverse_noinfluence,0.14930555555555564,0.10277777777777779,0.18101851851851863,5,5
round_idx,14,d_B,novel,rnn_diverse_influence,rnn_single_influence,-0.006313131313131426,-0.07247474747474761,0.05984848484848475,2,5
round_idx,14,d_B,novel,rnn_diverse_influence,rnn_diverse_noinfluence,0.13282828282828274,0.08838383838383826,0.17272727272727267,5,5
round_idx,15,d_B,all,rnn_diverse_influence,rnn_single_influence,0.00398550724637674,-0.05676328502415473,0.062439613526570056,3,5
round_idx,15,d_B,all,rnn_diverse_influence,rnn_diverse_noinfluence,0.14166666666666666,0.10676328502415453,0.176207729468599,5,5
round_idx,15,d_B,familiar,rnn_diverse_influence,rnn_single_influence,0.00810185185185186,-0.05972222222222216,0.06921296296296289,3,5
round_idx,15,d_B,familiar,rnn_diverse_influence,rnn_diverse_noinfluence,0.13472222222222227,0.100925925925926,0.16365740740740747,5,5
round_idx,15,d_B,novel,rnn_diverse_influence,rnn_single_influence,-0.0005050505050505194,-0.05606060606060599,0.05505050505050495,2,5
round_idx,15,d_B,novel,rnn_diverse_influence,rnn_diverse_noinfluence,0.14924242424242423,0.10858585858585856,0.1964646464646465,5,5
round_idx,16,d_B,all,rnn_diverse_influence,rnn_single_influence,0.007246376811594235,-0.05398550724637672,0.06485507246376813,3,5
round_idx,16,d_B,all,rnn_diverse_influence,rnn_diverse_noinfluence,0.14927536231884062,0.11207729468599037,0.17681159420289866,5,5
round_idx,16,d_B,familiar,rnn_diverse_influence,rnn_single_influence,0.015046296296296235,-0.04212962962962963,0.07060185185185178,3,5
round_idx,16,d_B,familiar,rnn_diverse_influence,rnn_diverse_noinfluence,0.14560185185185184,0.12337962962962967,0.16435185185185178,5,5
round_idx,16,d_B,novel,rnn_diverse_influence,rnn_single_influence,-0.001262626262626365,-0.06540404040404049,0.06060606060606046,3,5
round_idx,16,d_B,novel,rnn_diverse_influence,rnn_diverse_noinfluence,0.1532828282828283,0.09898989898989903,0.19116161616161614,5,5
round_idx,17,d_B,all,rnn_diverse_influence,rnn_single_influence,0.010869565217391353,-0.04335748792270533,0.06485507246376827,3,5
round_idx,17,d_B,all,rnn_diverse_influence,rnn_diverse_noinfluence,0.1444444444444445,0.11135265700483095,0.16920289855072473,5,5
round_idx,17,d_B,familiar,rnn_diverse_influence,rnn_single_influence,0.01805555555555549,-0.03634259259259261,0.07106481481481472,3,5
round_idx,17,d_B,familiar,rnn_diverse_influence,rnn_diverse_noinfluence,0.14467592592592587,0.11226851851851852,0.17523148148148138,5,5
round_idx,17,d_B,novel,rnn_diverse_influence,rnn_single_influence,0.0030303030303030277,-0.05202020202020206,0.05808080808080811,3,5
round_idx,17,d_B,novel,rnn_diverse_influence,rnn_diverse_noinfluence,0.14419191919191926,0.10151515151515152,0.18383838383838383,5,5
round_idx,18,d_B,all,rnn_diverse_influence,rnn_single_influence,0.01413043478260878,-0.04299516908212546,0.06775362318840587,3,5
round_idx,18,d_B,all,rnn_diverse_influence,rnn_diverse_noinfluence,0.16026570048309186,0.10893719806763294,0.19082125603864736,5,5
round_idx,18,d_B,familiar,rnn_diverse_influence,rnn_single_influence,0.02060185185185175,-0.03657407407407409,0.07314814814814796,3,5
round_idx,18,d_B,familiar,rnn_diverse_influence,rnn_diverse_noinfluence,0.15046296296296294,0.1009259259259259,0.1898148148148148,5,5
round_idx,18,d_B,novel,rnn_diverse_influence,rnn_single_influence,0.007070707070707139,-0.05227272727272725,0.06187499999999996,3,5
round_idx,18,d_B,novel,rnn_diverse_influence,rnn_diverse_noinfluence,0.17095959595959603,0.11616161616161622,0.21262626262626266,5,5
round_idx,19,d_B,all,rnn_diverse_influence,rnn_single_influence,0.022463768115941952,-0.02983091787439627,0.07342995169082125,3,5
round_idx,19,d_B,all,rnn_diverse_influence,rnn_diverse_noinfluence,0.15978260869565214,0.1188405797101448,0.1946859903381643,5,5
round_idx,19,d_B,familiar,rnn_diverse_influence,rnn_single_influence,0.03194444444444433,-0.027083333333333327,0.08101851851851838,3,5
round_idx,19,d_B,familiar,rnn_diverse_influence,rnn_diverse_noinfluence,0.1569444444444444,0.11134259259259265,0.18865740740740727,5,5
round_idx,19,d_B,novel,rnn_diverse_influence,rnn_single_influence,0.01212121212121211,-0.040909090909090895,0.06515151515151511,3,5
round_idx,19,d_B,novel,rnn_diverse_influence,rnn_diverse_noinfluence,0.16287878787878787,0.11616161616161617,0.21565656565656557,5,5
round_idx,0,d_R,all,rnn_diverse_influence,rnn_single_influence,-0.0734299516908213,-0.15579710144927542,0.013768115942029025,1,5
round_idx,0,d_R,all,rnn_diverse_influence,rnn_diverse_noinfluence,0.006763285024154619,-0.020893719806763245,0.032487922705314067,3,5
round_idx,0,d_R,familiar,rnn_diverse_influence,rnn_single_influence,-0.05787037037037033,-0.14166666666666675,0.043055555555555736,1,5
round_idx,0,d_R,familiar,rnn_diverse_influence,rnn_diverse_noinfluence,0.0335648148148149,0.0020833333333333927,0.06159722222222203,4,5
round_idx,0,d_R,novel,rnn_diverse_influence,rnn_single_influence,-0.09040404040404051,-0.17196969696969716,-0.020454545454545524,1,5
round_idx,0,d_R,novel,rnn_diverse_influence,rnn_diverse_noinfluence,-0.022474747474747602,-0.05277777777777788,0.015404040404040198,1,5
round_idx,1,d_R,all,rnn_diverse_influence,rnn_single_influence,-0.08321256038647344,-0.16256038647343007,0.008816425120772941,1,5
round_idx,1,d_R,all,rnn_diverse_influence,rnn_diverse_noinfluence,0.04154589371980673,0.02753623188405796,0.0565217391304347,5,5
round_idx,1,d_R,familiar,rnn_diverse_influence,rnn_single_influence,-0.08078703703703698,-0.15671296296296294,0.007407407407407485,1,5
round_idx,1,d_R,familiar,rnn_diverse_influence,rnn_diverse_noinfluence,0.04560185185185188,0.013425925925925907,0.07291666666666677,4,5
round_idx,1,d_R,novel,rnn_diverse_influence,rnn_single_influence,-0.08585858585858588,-0.17071969696969702,0.011616161616161746,1,5
round_idx,1,d_R,novel,rnn_diverse_influence,rnn_diverse_noinfluence,0.03712121212121213,0.023484848484848487,0.051262626262626364,5,5
round_idx,2,d_R,all,rnn_diverse_influence,rnn_single_influence,-0.08804347826086956,-0.16896135265700485,0.00531400966183575,1,5
round_idx,2,d_R,all,rnn_diverse_influence,rnn_diverse_noinfluence,0.08031400966183573,0.03816425120772941,0.12246376811594203,5,5
round_idx,2,d_R,familiar,rnn_diverse_influence,rnn_single_influence,-0.07962962962962965,-0.17129629629629645,0.024074074074074116,1,5
round_idx,2,d_R,familiar,rnn_diverse_influence,rnn_diverse_noinfluence,0.09722222222222224,0.048379629629629606,0.1550925925925927,5,5
round_idx,2,d_R,novel,rnn_diverse_influence,rnn_single_influence,-0.09722222222222224,-0.16641414141414143,-0.014898989898989879,1,5
round_idx,2,d_R,novel,rnn_diverse_influence,rnn_diverse_noinfluence,0.06186868686868687,0.02449494949494946,0.09671717171717173,5,5
round_idx,3,d_R,all,rnn_diverse_influence,rnn_single_influence,-0.07983091787439611,-0.1571256038647343,0.007850241545893777,1,5
round_idx,3,d_R,all,rnn_diverse_influence,rnn_diverse_noinfluence,0.08876811594202909,0.05386473429951701,0.1166968599033813,5,5
round_idx,3,d_R,familiar,rnn_diverse_influence,rnn_single_influence,-0.07453703703703704,-0.15347222222222218,0.017361111111111115,1,5
round_idx,3,d_R,familiar,rnn_diverse_influence,rnn_diverse_noinfluence,0.09189814814814816,0.047222222222222186,0.13611111111111118,5,5
round_idx,3,d_R,novel,rnn_diverse_influence,rnn_single_influence,-0.08560606060606057,-0.16035353535353541,0.0002525252525253707,1,5
round_idx,3,d_R,novel,rnn_diverse_influence,rnn_diverse_noinfluence,0.08535353535353538,0.05580808080808075,0.10429292929292944,5,5
round_idx,4,d_R,all,rnn_diverse_influence,rnn_single_influence,-0.07826086956521747,-0.16618357487922716,0.015942028985507183,1,5
round_idx,4,d_R,all,rnn_diverse_influence,rnn_diverse_noinfluence,0.12222222222222223,0.07041062801932363,0.17185990338164253,5,5
round_idx,4,d_R,familiar,rnn_diverse_influence,rnn_single_influence,-0.0814814814814816,-0.16180555555555579,0.016435185185185143,1,5
round_idx,4,d_R,familiar,rnn_diverse_influence,rnn_diverse_noinfluence,0.12962962962962965,0.0668981481481481,0.18263888888888888,5,5
round_idx,4,d_R,novel,rnn_diverse_influence,rnn_single_influence,-0.07474747474747481,-0.1613636363636365,0.018939393939394013,1,5
round_idx,4,d_R,novel,rnn_diverse_influence,rnn_diverse_noinfluence,0.11414141414141417,0.0676767676767677,0.16060606060606064,5,5
round_idx,5,d_R,all,rnn_diverse_influence,rnn_single_influence,-0.08574879227053149,-0.1694444444444445,0.0024154589371978563,1,5
round_idx,5,d_R,all,rnn_diverse_influence,rnn_diverse_noinfluence,0.11473429951690814,0.07125603864734298,0.1582125603864733,5,5
round_idx,5,d_R,familiar,rnn_diverse_influence,rnn_single_influence,-0.08541666666666677,-0.17337962962962966,0.0004629629629628651,1,5
round_idx,5,d_R,familiar,rnn_diverse_influence,rnn_diverse_noinfluence,0.11481481481481486,0.06828703703703701,0.1594907407407408,5,5
round_idx,5,d_R,novel,rnn_diverse_influence,rnn_single_influence,-0.08611111111111118,-0.1651515151515152,0.004545454545454542,1,5
round_idx,5,d_R,novel,rnn_diverse_influence,rnn_diverse_noinfluence,0.11464646464646464,0.07247474747474743,0.15681818181818186,5,5
round_idx,6,d_R,all,rnn_diverse_influence,rnn_single_influence,-0.09323671497584562,-0.17983091787439626,-0.009420289855072617,1,5
round_idx,6,d_R,all,rnn_diverse_influence,rnn_diverse_noinfluence,0.12971014492753624,0.06509661835748796,0.1897342995169082,5,5
round_idx,6,d_R,familiar,rnn_diverse_influence,rnn_single_influence,-0.09398148148148151,-0.18171296296296308,-0.016435185185185143,1,5
round_idx,6,d_R,familiar,rnn_diverse_influence,rnn_diverse_noinfluence,0.138425925925926,0.05740740740740744,0.20532407407407421,4,5
round_idx,6,d_R,novel,rnn_diverse_influence,rnn_single_influence,-0.09242424242424255,-0.1767676767676768,-0.0017676767676767513,1,5
round_idx,6,d_R,novel,rnn_diverse_influence,rnn_diverse_noinfluence,0.12020202020202016,0.06464646464646458,0.17575757575757572,5,5
round_idx,7,d_R,all,rnn_diverse_influence,rnn_single_influence,-0.09432367149758455,-0.17137681159420293,-0.014855072463768049,1,5
round_idx,7,d_R,all,rnn_diverse_influence,rnn_diverse_noinfluence,0.11642512077294694,0.07765700483091793,0.1572463768115943,5,5
round_idx,7,d_R,familiar,rnn_diverse_influence,rnn_single_influence,-0.10254629629629634,-0.18101851851851858,-0.027546296296296326,1,5
round_idx,7,d_R,familiar,rnn_diverse_influence,rnn_diverse_noinfluence,0.11273148148148156,0.06527777777777784,0.16018518518518526,5,5
round_idx,7,d_R,novel,rnn_diverse_influence,rnn_single_influence,-0.0853535353535354,-0.16085858585858598,-0.0010101010101009945,1,5
round_idx,7,d_R,novel,rnn_diverse_influence,rnn_diverse_noinfluence,0.12045454545454551,0.0838383838383838,0.1570707070707072,5,5
round_idx,8,d_R,all,rnn_diverse_influence,rnn_single_influence,-0.0921497584541063,-0.1727053140096618,-0.00966183574879238,1,5
round_idx,8,d_R,all,rnn_diverse_influence,rnn_diverse_noinfluence,0.13224637681159418,0.08393719806763292,0.1765700483091786,5,5
round_idx,8,d_R,familiar,rnn_diverse_influence,rnn_single_influence,-0.09050925925925934,-0.16597222222222233,-0.018055555555555648,1,5
round_idx,8,d_R,familiar,rnn_diverse_influence,rnn_diverse_noinfluence,0.12847222222222227,0.08541666666666674,0.16666666666666669,5,5
round_idx,8,d_R,novel,rnn_diverse_influence,rnn_single_influence,-0.09393939393939395,-0.18005050505050513,-0.000505050505050475,1,5
round_idx,8,d_R,novel,rnn_diverse_influence,rnn_diverse_noinfluence,0.13636363636363646,0.07828282828282837,0.19141414141414154,5,5
round_idx,9,d_R,all,rnn_diverse_influence,rnn_single_influence,-0.08900966183574885,-0.16026570048309177,-0.012560386473430052,1,5
round_idx,9,d_R,all,rnn_diverse_influence,rnn_diverse_noinfluence,0.12934782608695652,0.0828502415458938,0.17392814009661808,5,5
round_idx,9,d_R,familiar,rnn_diverse_influence,rnn_single_influence,-0.0972222222222223,-0.1736111111111112,-0.020833333333333415,1,5
round_idx,9,d_R,familiar,rnn_diverse_influence,rnn_diverse_noinfluence,0.11458333333333341,0.07060185185185193,0.15488425925925897,5,5
round_idx,9,d_R,novel,rnn_diverse_influence,rnn_single_influence,-0.08005050505050507,-0.14949494949494954,0.000505050505050586,1,5
round_idx,9,d_R,novel,rnn_diverse_influence,rnn_diverse_noinfluence,0.1454545454545455,0.09191919191919189,0.1989898989898991,5,5
round_idx,10,d_R,all,rnn_diverse_influence,rnn_single_influence,-0.0786231884057971,-0.1432367149758455,-0.0026570048309179305,1,5
round_idx,10,d_R,all,rnn_diverse_influence,rnn_diverse_noinfluence,0.1516908212560386,0.10990338164251198,0.19214975845410615,5,5
round_idx,10,d_R,familiar,rnn_diverse_influence,rnn_single_influence,-0.08425925925925928,-0.14467592592592596,-0.013888888888888905,1,5
round_idx,10,d_R,familiar,rnn_diverse_influence,rnn_diverse_noinfluence,0.16018518518518526,0.11481481481481479,0.20000000000000018,5,5
round_idx,10,d_R,novel,rnn_diverse_influence,rnn_single_influence,-0.07247474747474743,-0.1404040404040403,0.011616161616161792,1,5
round_idx,10,d_R,novel,rnn_diverse_influence,rnn_diverse_noinfluence,0.1424242424242425,0.09318181818181823,0.1919191919191919,5,5
round_idx,11,d_R,all,rnn_diverse_influence,rnn_single_influence,-0.07729468599033817,-0.1327294685990338,-0.009420289855072483,1,5
round_idx,11,d_R,all,rnn_diverse_influence,rnn_diverse_noinfluence,0.1481884057971015,0.10688405797101456,0.18181159420289794,5,5
round_idx,11,d_R,familiar,rnn_diverse_influence,rnn_single_influence,-0.08958333333333332,-0.144212962962963,-0.028935185185185185,1,5
round_idx,11,d_R,familiar,rnn_diverse_influence,rnn_diverse_noinfluence,0.13148148148148156,0.09027777777777786,0.1659722222222223,5,5
round_idx,11,d_R,novel,rnn_diverse_influence,rnn_single_influence,-0.06388888888888902,-0.1232323232323234,0.013131313131313039,1,5
round_idx,11,d_R,novel,rnn_diverse_influence,rnn_diverse_noinfluence,0.16641414141414138,0.12323232323232311,0.20429292929292933,5,5
round_idx,12,d_R,all,rnn_diverse_influence,rnn_single_influence,-0.08043478260869566,-0.1335748792270531,-0.01437198067632861,1,5
round_idx,12,d_R,all,rnn_diverse_influence,rnn_diverse_noinfluence,0.14879227053140093,0.11099033816425126,0.18188405797101442,5,5
round_idx,12,d_R,familiar,rnn_diverse_influence,rnn_single_influence,-0.08680555555555569,-0.13009259259259282,-0.034953703703703765,1,5
round_idx,12,d_R,familiar,rnn_diverse_influence,rnn_diverse_noinfluence,0.14861111111111114,0.1268518518518519,0.17129629629629636,5,5
round_idx,12,d_R,novel,rnn_diverse_influence,rnn_single_influence,-0.07348484848484842,-0.13939393939393935,0.010353535353535536,1,5
round_idx,12,d_R,novel,rnn_diverse_influence,rnn_diverse_noinfluence,0.14898989898989912,0.0906565656565657,0.19545454545454566,5,5
round_idx,13,d_R,all,rnn_diverse_influence,rnn_single_influence,-0.08176328502415467,-0.13067632850241548,-0.020772946859903475,1,5
round_idx,13,d_R,all,rnn_diverse_influence,rnn_diverse_noinfluence,0.14565217391304347,0.11727053140096629,0.17246376811594197,5,5
round_idx,13,d_R,familiar,rnn_diverse_influence,rnn_single_influence,-0.08773148148148158,-0.1342592592592595,-0.02685185185185175,1,5
round_idx,13,d_R,familiar,rnn_diverse_influence,rnn_diverse_noinfluence,0.1476851851851852,0.12615740740740744,0.16875000000000012,5,5
round_idx,13,d_R,novel,rnn_diverse_influence,rnn_single_influence,-0.07525252525252527,-0.12853535353535364,-0.012626262626262564,1,5
round_idx,13,d_R,novel,rnn_diverse_influence,rnn_diverse_noinfluence,0.14343434343434344,0.10050505050505047,0.18636363636363637,5,5
round_idx,14,d_R,all,rnn_diverse_influence,rnn_single_influence,-0.08176328502415461,-0.12729468599033827,-0.029951690821256084,1,5
round_idx,14,d_R,all,rnn_diverse_influence,rnn_diverse_noinfluence,0.15386473429951691,0.11582125603864728,0.17946859903381637,5,5
round_idx,14,d_R,familiar,rnn_diverse_influence,rnn_single_influence,-0.08796296296296309,-0.1261574074074076,-0.0416666666666667,0,5
round_idx,14,d_R,familiar,rnn_diverse_influence,rnn_diverse_noinfluence,0.14861111111111114,0.10879629629629628,0.17777777777777787,5,5
round_idx,14,d_R,novel,rnn_diverse_influence,rnn_single_influence,-0.07499999999999996,-0.1315656565656566,-0.011111111111111094,1,5
round_idx,14,d_R,novel,rnn_diverse_influence,rnn_diverse_noinfluence,0.15959595959595962,0.11641414141414133,0.1989898989898991,5,5
round_idx,15,d_R,all,rnn_diverse_influence,rnn_single_influence,-0.08128019323671498,-0.13478260869565206,-0.02681159420289856,1,5
round_idx,15,d_R,all,rnn_diverse_influence,rnn_diverse_noinfluence,0.14589371980676327,0.11473429951690824,0.17173913043478256,5,5
round_idx,15,d_R,familiar,rnn_diverse_influence,rnn_single_influence,-0.08703703703703707,-0.13055555555555562,-0.03888888888888893,1,5
round_idx,15,d_R,familiar,rnn_diverse_influence,rnn_diverse_noinfluence,0.14421296296296301,0.11620370370370377,0.1710648148148149,5,5
round_idx,15,d_R,novel,rnn_diverse_influence,rnn_single_influence,-0.07500000000000002,-0.13762626262626262,-0.009595959595959625,1,5
round_idx,15,d_R,novel,rnn_diverse_influence,rnn_diverse_noinfluence,0.14772727272727276,0.1078282828282829,0.1883838383838385,5,5
round_idx,16,d_R,all,rnn_diverse_influence,rnn_single_influence,-0.08164251207729471,-0.14070048309178745,-0.01823671497584538,1,5
round_idx,16,d_R,all,rnn_diverse_influence,rnn_diverse_noinfluence,0.16002415458937205,0.12125603864734302,0.1940821256038649,5,5
round_idx,16,d_R,familiar,rnn_diverse_influence,rnn_single_influence,-0.08125000000000007,-0.12615740740740758,-0.02800925925925928,1,5
round_idx,16,d_R,familiar,rnn_diverse_influence,rnn_diverse_noinfluence,0.15787037037037044,0.12708333333333338,0.18356481481481496,5,5
round_idx,16,d_R,novel,rnn_diverse_influence,rnn_single_influence,-0.0820707070707071,-0.15050505050505053,-0.006060606060605989,1,5
round_idx,16,d_R,novel,rnn_diverse_influence,rnn_diverse_noinfluence,0.16237373737373745,0.11035353535353543,0.20934343434343444,5,5
round_idx,17,d_R,all,rnn_diverse_influence,rnn_single_influence,-0.08309178743961358,-0.13333333333333358,-0.027053140096618432,1,5
round_idx,17,d_R,all,rnn_diverse_influence,rnn_diverse_noinfluence,0.13997584541062807,0.10700483091787445,0.17453200483091777,5,5
round_idx,17,d_R,familiar,rnn_diverse_influence,rnn_single_influence,-0.07986111111111113,-0.11689814814814821,-0.03310185185185188,1,5
round_idx,17,d_R,familiar,rnn_diverse_influence,rnn_diverse_noinfluence,0.14583333333333343,0.11828703703703711,0.17337962962962972,5,5
round_idx,17,d_R,novel,rnn_diverse_influence,rnn_single_influence,-0.0866161616161617,-0.1512626262626265,-0.020454545454545458,1,5
round_idx,17,d_R,novel,rnn_diverse_influence,rnn_diverse_noinfluence,0.13358585858585856,0.08712121212121209,0.18005050505050504,5,5
round_idx,18,d_R,all,rnn_diverse_influence,rnn_single_influence,-0.08393719806763292,-0.1352657004830919,-0.025120772946860038,1,5
round_idx,18,d_R,all,rnn_diverse_influence,rnn_diverse_noinfluence,0.15905797101449282,0.11739130434782608,0.1935990338164252,5,5
round_idx,18,d_R,familiar,rnn_diverse_influence,rnn_single_influence,-0.08865740740740746,-0.126851851851852,-0.040740740740740765,1,5
round_idx,18,d_R,familiar,rnn_diverse_influence,rnn_diverse_noinfluence,0.15763888888888894,0.12592592592592597,0.1858796296296297,5,5
round_idx,18,d_R,novel,rnn_diverse_influence,rnn_single_influence,-0.07878787878787881,-0.14444444444444438,-0.008080808080808133,1,5
round_idx,18,d_R,novel,rnn_diverse_influence,rnn_diverse_noinfluence,0.16060606060606064,0.10075757575757585,0.21893939393939393,5,5
round_idx,19,d_R,all,rnn_diverse_influence,rnn_single_influence,-0.08236714975845423,-0.1291062801932369,-0.025845410628019462,1,5
round_idx,19,d_R,all,rnn_diverse_influence,rnn_diverse_noinfluence,0.15628019323671496,0.12512077294685994,0.1852657004830917,5,5
round_idx,19,d_R,familiar,rnn_diverse_influence,rnn_single_influence,-0.08564814814814822,-0.12476851851851864,-0.03888888888888897,0,5
round_idx,19,d_R,familiar,rnn_diverse_influence,rnn_diverse_noinfluence,0.1597222222222223,0.1324074074074075,0.19004629629629635,5,5
round_idx,19,d_R,novel,rnn_diverse_influence,rnn_single_influence,-0.07878787878787871,-0.14141414141414127,-0.014141414141414056,1,5
round_idx,19,d_R,novel,rnn_diverse_influence,rnn_diverse_noinfluence,0.1525252525252526,0.09368686868686879,0.21085858585858594,5,5
